player_id,Player,Team,S/C,Pos,GP,G,A,P,+/-,PIM,,,,,,,,,,,,
,A.J. Greer,FLA,L,L,78,17,15,32,14,113,,,,,,,,,,,,
,Aaron Ekblad,FLA,R,D,72,4,22,26,-5,55,,,,,,,,,,,,
,Aatu Räty,VAN,L,C,66,4,10,14,-4,22,,,,,,,,,,,,
,Abram Wiebe,CGY,L,D,4,0,0,0,0,2,,,,,,,,,,,,
,Adam Boqvist,NYI,R,D,28,0,4,4,-9,8,,,,,,,,,,,,
,Adam Edstrom,NYR,L,C,35,3,2,5,1,2,,,,,,,,,,,,
,Adam Engstrom,MTL,L,D,15,0,1,1,2,8,,,,,,,,,,,,
,Adam Erne,DAL,L,L,45,6,2,8,1,19,,,,,,,,,,,,
,Adam Fantilli,CBJ,L,C,82,24,35,59,-13,38,,,,,,,,,,,,
,Adam Fox,NYR,R,D,55,9,44,53,5,20,,,,,,,,,,,,
,Adam Gaudette,SJS,R,R,66,17,8,25,-9,20,,,,,,,,,,,,
,Adam Ginning,PHI,L,D,5,0,0,0,0,0,,,,,,,,,,,,
,Adam Henrique,EDM,L,C,65,3,12,15,-12,18,,,,,,,,,,,,
,Adam Klapka,CGY,R,R,79,6,12,18,-12,112,,,,,,,,,,,,
,Adam Larsson,SEA,R,D,82,7,18,25,0,42,,,,,,,,,,,,
,Adam Lowry,WPG,L,C,70,5,16,21,-6,32,,,,,,,,,,,,
,Adam Pelech,NYI,L,D,82,4,12,16,4,50,,,,,,,,,,,,
,Adam Sykora,NYR,L,L,11,3,1,4,0,5,,,,,,,,,,,,
,Adam Wilsby,NSH,L,D,58,1,15,16,2,29,,,,,,,,,,,,
,Adrian Kempe,LAK,L,R,81,36,37,73,14,58,,,,,,,,,,,,
,Albert Johansson,DET,L,D,82,3,8,11,-18,16,,,,,,,,,,,,
,Alec Regula,EDM,R,D,29,0,3,3,-16,35,,,,,,,,,,,,
,Aleksanteri Kaskimaki,STL,L,C,5,0,0,0,-6,0,,,,,,,,,,,,
,Alex Barré-Boulet,COL,L,C,2,0,1,1,0,0,,,,,,,,,,,,
,Alex Bump,PHI,L,L,17,5,4,9,3,2,,,,,,,,,,,,
,Alex DeBrincat,DET,R,R,82,41,44,85,8,19,,,,,,,,,,,,
,Alex Iafallo,WPG,L,L,79,13,16,29,3,14,,,,,,,,,,,,
,Alex Killorn,ANA,L,L,82,15,18,33,-2,40,,,,,,,,,,,,
,Alex Laferriere,LAK,R,R,82,21,23,44,3,18,,,,,,,,,,,,
,Alex Newhook,MTL,L,C,42,13,12,25,9,10,,,,,,,,,,,,
,Alex Ovechkin,WSH,R,L,82,32,32,64,-5,26,,,,,,,,,,,,
,Alex Steeves,BOS,L,C,43,9,7,16,6,34,,,,,,,,,,,,
,Alex Tuch,BUF,R,R,79,33,33,66,24,57,,,,,,,,,,,,
,Alex Turcotte,LAK,L,C,62,3,11,14,-8,21,,,,,,,,,,,,
,Alex Vlasic,CHI,L,D,81,2,19,21,-16,17,,,,,,,,,,,,
,Alexander Holtz,VGK,R,R,28,3,6,9,-1,10,,,,,,,,,,,,
,Alexander Kerfoot,UTA,L,C,34,7,6,13,0,23,,,,,,,,,,,,
,Alexander Nikishin,CAR,L,D,81,11,22,33,18,33,,,,,,,,,,,,
,Alexander Petrovic,DAL,R,D,54,2,8,10,2,47,,,,,,,,,,,,
,Alexander Romanov,NYI,L,D,15,0,1,1,-7,6,,,,,,,,,,,,
,Alexander Wennberg,SJS,L,C,80,18,37,55,-25,18,,,,,,,,,,,,
,Alexandre Carrier,MTL,R,D,73,7,15,22,2,34,,,,,,,,,,,,
,Alexandre Texier,"STL,MTL",L,L,8,0,1,1,0,2,,,,,,,,,,,,
,Alexandre Texier,"STL,MTL",L,L,43,8,12,20,9,24,,,,,,,,,,,,
,Alexey Toropchenko,STL,L,R,65,4,7,11,-11,28,,,,,,,,,,,,
,Alexis Lafrenière,NYR,L,L,82,24,33,57,-7,20,,,,,,,,,,,,
,Aliaksei Protas,WSH,L,L,76,25,27,52,20,20,,,,,,,,,,,,
,Anders Lee,NYI,L,L,82,19,23,42,0,44,,,,,,,,,,,,
,Andre Burakovsky,CHI,L,L,75,11,22,33,-32,16,,,,,,,,,,,,
,Andre Lee,LAK,L,L,7,1,1,2,-2,0,,,,,,,,,,,,
,Andreas Englund,NSH,L,D,3,0,0,0,-1,2,,,,,,,,,,,,
,Andrei Kuzmenko,LAK,R,L,52,13,12,25,-4,16,,,,,,,,,,,,
,Andrei Svechnikov,CAR,L,R,79,31,39,70,1,66,,,,,,,,,,,,
,Andrew Agozzino,UTA,L,L,2,0,0,0,0,0,,,,,,,,,,,,
,Andrew Copp,DET,L,C,79,9,34,43,3,24,,,,,,,,,,,,
,Andrew Mangiapane,"EDM,CHI",L,L,52,7,7,14,-19,36,,,,,,,,,,,,
,Andrew Mangiapane,"EDM,CHI",L,L,10,1,1,2,-2,6,,,,,,,,,,,,
,Andrew Peeke,BOS,R,D,77,5,9,14,-12,22,,,,,,,,,,,,
,Angus Booth,LAK,L,D,1,1,0,1,1,0,,,,,,,,,,,,
,Angus Crookshank,NJD,L,C,8,1,0,1,1,4,,,,,,,,,,,,
,Anthony Beauvillier,WSH,L,R,82,15,13,28,7,30,,,,,,,,,,,,
,Anthony Cirelli,TBL,L,C,71,23,29,52,38,48,,,,,,,,,,,,
,Anthony Duclair,NYI,L,L,62,12,15,27,0,12,,,,,,,,,,,,
,Anthony Mantha,PIT,L,R,81,33,31,64,10,43,,,,,,,,,,,,
,Anthony Richard,PHI,L,C,1,0,0,0,0,0,,,,,,,,,,,,
,Anton Blidh,NYR,L,L,4,0,1,1,1,0,,,,,,,,,,,,
,Anton Frondell,CHI,L,C,12,3,6,9,-1,4,,,,,,,,,,,,
,Anton Lundell,FLA,L,C,64,18,26,44,-8,34,,,,,,,,,,,,
,Anze Kopitar,LAK,L,C,67,12,26,38,19,10,,,,,,,,,,,,
,Arber Xhekaj,MTL,L,D,65,1,3,4,-8,116,,,,,,,,,,,,
,Arseny Gritsyuk,NJD,L,R,66,13,18,31,-3,26,,,,,,,,,,,,
,Arshdeep Bains,VAN,L,L,28,1,4,5,-3,12,,,,,,,,,,,,
,Artem Zub,OTT,R,D,81,5,25,30,22,57,,,,,,,,,,,,
,Artemi Panarin,"NYR,LAK",R,L,52,19,38,57,-16,14,,,,,,,,,,,,
,Artemi Panarin,"NYR,LAK",R,L,26,9,18,27,9,6,,,,,,,,,,,,
,Arthur Kaliyev,OTT,L,R,2,0,1,1,0,0,,,,,,,,,,,,
,Arttu Hyry,DAL,R,R,20,3,2,5,1,2,,,,,,,,,,,,
,Artturi Lehkonen,COL,L,L,70,21,27,48,32,16,,,,,,,,,,,,
,Artyom Levshunov,CHI,R,D,68,2,22,24,-41,44,,,,,,,,,,,,
,Auston Matthews,TOR,L,C,60,27,26,53,-4,18,,,,,,,,,,,,
,Avery Hayes,PIT,R,R,16,5,0,5,-4,12,,,,,,,,,,,,
,Axel Sandin-Pellikka,DET,R,D,68,7,14,21,-20,18,,,,,,,,,,,,
,Aydar Suniev,CGY,L,L,6,0,1,1,0,2,,,,,,,,,,,,
,Barclay Goodrow,SJS,L,C,82,5,7,12,-18,73,,,,,,,,,,,,
,Barrett Hayton,UTA,L,C,67,10,15,25,3,54,,,,,,,,,,,,
,Beck Malenstyn,BUF,L,L,81,7,7,14,0,38,,,,,,,,,,,,
,Beckett Sennecke,ANA,R,R,82,23,37,60,-12,62,,,,,,,,,,,,
,Ben Chiarot,DET,L,D,82,5,10,15,-9,75,,,,,,,,,,,,
,Ben Hutton,VGK,L,D,55,6,9,15,2,19,,,,,,,,,,,,
,Ben Jones,MIN,L,C,28,1,2,3,-10,0,,,,,,,,,,,,
,Ben Kindel,PIT,R,C,77,17,18,35,-5,18,,,,,,,,,,,,
,Ben Meyers,SEA,L,C,52,7,8,15,-12,16,,,,,,,,,,,,
,Berkly Catton,SEA,L,C,66,7,10,17,-8,31,,,,,,,,,,,,
,Blake Coleman,CGY,L,L,69,20,15,35,12,49,,,,,,,,,,,,
,Blake Lizotte,PIT,L,C,55,7,12,19,6,25,,,,,,,,,,,,
,Bo Groulx,TOR,L,C,13,3,2,5,4,0,,,,,,,,,,,,
,Bo Horvat,NYI,L,C,68,31,26,57,8,40,,,,,,,,,,,,
,Bobby Brink,"PHI,MIN",R,R,55,13,13,26,-5,20,,,,,,,,,,,,
,Bobby Brink,"PHI,MIN",R,R,13,2,2,4,-2,4,,,,,,,,,,,,
,Bobby McMann,"TOR,SEA",L,C,60,19,13,32,-3,40,,,,,,,,,,,,
,Bobby McMann,"TOR,SEA",L,C,18,10,4,14,0,2,,,,,,,,,,,,
,Bogdan Trineyev,WSH,R,R,2,0,0,0,0,0,,,,,,,,,,,,
,Bokondji Imama,PIT,L,L,2,0,0,0,0,5,,,,,,,,,,,,
,Boone Jenner,CBJ,L,C,67,13,25,38,3,44,,,,,,,,,,,,
,Boris Katchouk,TBL,L,L,3,0,0,0,0,0,,,,,,,,,,,,
,Bowen Byram,BUF,L,D,82,11,31,42,15,48,,,,,,,,,,,,
,Brad Lambert,WPG,R,C,25,3,3,6,-5,6,,,,,,,,,,,,
,Brad Marchand,FLA,L,L,52,27,27,54,-16,38,,,,,,,,,,,,
,Braden Schneider,NYR,R,D,82,2,16,18,-5,26,,,,,,,,,,,,
,Bradly Nadeau,CAR,R,L,12,3,0,3,1,2,,,,,,,,,,,,
,Brady Martin,NSH,R,C,3,0,1,1,0,0,,,,,,,,,,,,
,Brady Skjei,NSH,L,D,82,3,23,26,-7,40,,,,,,,,,,,,
,Brady Tkachuk,OTT,L,L,60,22,37,59,4,71,,,,,,,,,,,,
,Braeden Bowman,VGK,R,R,54,8,18,26,-16,12,,,,,,,,,,,,
,Braeden Cootes,VAN,R,C,3,0,0,0,-2,0,,,,,,,,,,,,
,Brandon Carlo,TOR,R,D,55,0,7,7,4,37,,,,,,,,,,,,
,Brandon Duhaime,WSH,L,L,82,4,5,9,-2,78,,,,,,,,,,,,
,Brandon Hagel,TBL,L,L,71,36,38,74,34,58,,,,,,,,,,,,
,Brandon Montour,SEA,R,D,64,11,21,32,-21,45,,,,,,,,,,,,
,Brandon Saad,VGK,L,L,49,3,6,9,-7,14,,,,,,,,,,,,
,Brandon Tanev,UTA,L,L,56,0,3,3,-15,50,,,,,,,,,,,,
,Brandt Clarke,LAK,R,D,82,8,32,40,11,63,,,,,,,,,,,,
,Brayden McNabb,VGK,L,D,63,5,7,12,2,26,,,,,,,,,,,,
,Brayden Pachal,CGY,R,D,39,1,6,7,-1,47,,,,,,,,,,,,
,Brayden Point,TBL,R,C,63,18,32,50,12,14,,,,,,,,,,,,
,Brayden Schenn,"STL,NYI",L,C,61,12,16,28,-23,49,,,,,,,,,,,,
,Brayden Schenn,"STL,NYI",L,C,19,6,5,11,-5,19,,,,,,,,,,,,
,Brayden Yager,WPG,R,C,3,0,0,0,0,2,,,,,,,,,,,,
,Brendan Brisson,NYR,L,C,3,0,1,1,-1,0,,,,,,,,,,,,
,Brendan Gallagher,MTL,R,R,77,7,16,23,0,39,,,,,,,,,,,,
,Brendan Gaunce,CBJ,L,C,25,2,4,6,-1,12,,,,,,,,,,,,
,Brendan Smith,CBJ,L,D,15,0,2,2,-1,11,,,,,,,,,,,,
,Brenden Dillon,NJD,L,D,82,3,12,15,-13,89,,,,,,,,,,,,
,Brennan Othmann,"NYR,CGY",L,L,2,1,1,2,-4,0,,,,,,,,,,,,
,Brennan Othmann,"NYR,CGY",L,L,17,1,0,1,-4,11,,,,,,,,,,,,
,Brent Burns,COL,R,D,82,12,23,35,33,32,,,,,,,,,,,,
,Brett Berard,NYR,L,L,13,0,0,0,-1,6,,,,,,,,,,,,
,Brett Howden,VGK,L,C,58,12,10,22,-9,41,,,,,,,,,,,,
,Brett Kulak,"EDM,PIT,COL",L,D,31,0,2,2,-7,10,,,,,,,,,,,,
,Brett Kulak,"EDM,PIT,COL",L,D,27,0,3,3,1,10,,,,,,,,,,,,
,Brett Kulak,"EDM,PIT,COL",L,D,25,1,6,7,2,18,,,,,,,,,,,,
,Brett Leason,WSH,R,R,6,0,0,0,-2,0,,,,,,,,,,,,
,Brett Pesce,NJD,R,D,37,1,6,7,-11,6,,,,,,,,,,,,
,Brian Dumoulin,LAK,L,D,82,2,15,17,-1,22,,,,,,,,,,,,
,Brian Halonen,NJD,R,L,15,1,1,2,-1,9,,,,,,,,,,,,
,Brock Boeser,VAN,R,R,75,22,26,48,-48,8,,,,,,,,,,,,
,Brock Faber,MIN,R,D,80,15,36,51,18,39,,,,,,,,,,,,
,Brock Nelson,COL,L,C,81,33,32,65,15,36,,,,,,,,,,,,
,Bryan Rust,PIT,R,R,72,29,36,65,0,26,,,,,,,,,,,,
,Cale Fleury,SEA,R,D,23,1,2,3,1,7,,,,,,,,,,,,
,Cale Makar,COL,R,D,75,20,59,79,32,24,,,,,,,,,,,,
,Caleb Jones,PIT,L,D,7,0,1,1,1,0,,,,,,,,,,,,
,Calle Jarnkrok,TOR,R,C,56,6,2,8,-15,8,,,,,,,,,,,,
,Calum Ritchie,NYI,R,C,65,13,17,30,-14,22,,,,,,,,,,,,
,Cam Fowler,STL,L,D,82,4,26,30,-11,14,,,,,,,,,,,,
,Cam York,PHI,L,D,74,4,22,26,5,28,,,,,,,,,,,,
,Cameron Crotty,OTT,R,D,6,0,1,1,0,0,,,,,,,,,,,,
,Cameron Hughes,DAL,L,C,3,1,0,1,2,0,,,,,,,,,,,,
,Carl Grundstrom,PHI,L,R,47,9,4,13,7,19,,,,,,,,,,,,
,Carson Lambos,MIN,L,D,1,0,0,0,1,0,,,,,,,,,,,,
,Carson Soucy,"NYR,NYI",L,D,30,2,2,4,-10,20,,,,,,,,,,,,
,Carson Soucy,"NYR,NYI",L,D,46,3,5,8,4,18,,,,,,,,,,,,
,Carter Mazur,DET,R,L,8,0,0,0,-3,0,,,,,,,,,,,,
,Carter Verhaeghe,FLA,L,C,77,25,30,55,-14,32,,,,,,,,,,,,
,Carter Yakemchuk,OTT,R,D,4,1,1,2,-1,2,,,,,,,,,,,,
,Casey Cizikas,NYI,L,C,81,10,8,18,-3,20,,,,,,,,,,,,
,Casey Mittelstadt,BOS,L,C,71,15,27,42,12,12,,,,,,,,,,,,
,Chandler Stephenson,SEA,L,C,80,16,33,49,-24,14,,,,,,,,,,,,
,Charle-Edouard D'Astous,TBL,L,D,70,6,23,29,-4,112,,,,,,,,,,,,
,Charles Alexis Legault,CAR,R,D,12,1,1,2,5,15,,,,,,,,,,,,
,Charlie Coyle,CBJ,R,C,82,20,38,58,3,14,,,,,,,,,,,,
,Charlie McAvoy,BOS,R,D,69,11,50,61,13,62,,,,,,,,,,,,
,Chris Kreider,ANA,L,L,75,22,28,50,-4,34,,,,,,,,,,,,
,Chris Tanev,TOR,R,D,11,0,2,2,8,0,,,,,,,,,,,,
,Christian Dvorak,PHI,L,C,80,18,33,51,11,27,,,,,,,,,,,,
,Claude Giroux,OTT,R,R,82,14,35,49,20,22,,,,,,,,,,,,
,Clayton Keller,UTA,L,R,82,26,62,88,21,38,,,,,,,,,,,,
,Cody Ceci,LAK,R,D,82,1,8,9,-10,16,,,,,,,,,,,,
,Cody Glass,NJD,R,C,70,19,7,26,3,39,,,,,,,,,,,,
,Cole Caufield,MTL,R,R,81,51,37,88,29,14,,,,,,,,,,,,
,Cole Hutson,WSH,L,D,14,3,7,10,-3,8,,,,,,,,,,,,
,Cole Koepke,WPG,L,L,66,8,9,17,1,16,,,,,,,,,,,,
,Cole McWard,NYI,R,D,3,0,0,0,1,0,,,,,,,,,,,,
,Cole O'Hara,NSH,R,R,1,0,1,1,1,0,,,,,,,,,,,,
,Cole Perfetti,WPG,L,C,68,12,20,32,-9,20,,,,,,,,,,,,
,Cole Reinhardt,"VGK,FLA",L,L,44,3,4,7,-6,19,,,,,,,,,,,,
,Cole Reinhardt,"VGK,FLA",L,L,15,6,2,8,4,2,,,,,,,,,,,,
,Cole Schwindt,FLA,R,R,29,5,2,7,2,2,,,,,,,,,,,,
,Cole Sillinger,CBJ,L,C,81,8,25,33,2,37,,,,,,,,,,,,
,Cole Smith,"NSH,VGK",L,R,42,6,4,10,-7,31,,,,,,,,,,,,
,Cole Smith,"NSH,VGK",L,R,21,2,0,2,0,9,,,,,,,,,,,,
,Colin Blackwell,DAL,R,C,70,4,11,15,-2,40,,,,,,,,,,,,
,Colin Miller,WPG,R,D,18,0,2,2,-8,6,,,,,,,,,,,,
,Collin Graf,SJS,R,R,81,21,25,46,6,12,,,,,,,,,,,,
,Colton Dach,"CHI,EDM",L,C,53,3,6,9,-15,47,,,,,,,,,,,,
,Colton Dach,"CHI,EDM",L,C,8,2,2,4,0,5,,,,,,,,,,,,
,Colton Parayko,STL,R,D,77,4,14,18,-6,23,,,,,,,,,,,,
,Colton Sissons,VGK,R,C,66,6,5,11,-11,28,,,,,,,,,,,,
,Colton White,NJD,L,D,23,0,4,4,2,2,,,,,,,,,,,,
,Connor Bedard,CHI,R,C,69,30,45,75,-18,50,,,,,,,,,,,,
,Connor Brown,NJD,R,R,75,18,25,43,-1,22,,,,,,,,,,,,
,Connor Clattenburg,EDM,L,C,5,1,0,1,1,13,,,,,,,,,,,,
,Connor Clifton,PIT,R,D,50,2,4,6,5,53,,,,,,,,,,,,
,Connor Dewar,PIT,L,C,78,14,16,30,16,19,,,,,,,,,,,,
,Connor Mackey,NYR,L,D,3,0,0,0,-3,4,,,,,,,,,,,,
,Connor McDavid,EDM,L,C,82,48,90,138,17,44,,,,,,,,,,,,
,Connor McMichael,WSH,L,L,78,14,32,46,8,30,,,,,,,,,,,,
,Connor Murphy,"CHI,EDM",R,D,60,4,9,13,-3,46,,,,,,,,,,,,
,Connor Murphy,"CHI,EDM",R,D,20,1,3,4,1,25,,,,,,,,,,,,
,Connor Zary,CGY,L,C,74,12,13,25,-9,22,,,,,,,,,,,,
,Conor Garland,"VAN,CBJ",R,R,50,7,19,26,-15,30,,,,,,,,,,,,
,Conor Garland,"VAN,CBJ",R,R,21,5,2,7,-6,4,,,,,,,,,,,,
,Conor Geekie,TBL,L,C,14,1,2,3,-3,8,,,,,,,,,,,,
,Conor Sheary,NYR,L,L,62,7,11,18,1,14,,,,,,,,,,,,
,Conor Timmins,BUF,R,D,39,0,8,8,-8,18,,,,,,,,,,,,
,Corey Perry,"LAK,TBL",R,R,50,11,17,28,-1,59,,,,,,,,,,,,
,Corey Perry,"LAK,TBL",R,R,22,6,3,9,1,22,,,,,,,,,,,,
,Curtis Douglas,"TBL,VAN",L,C,14,1,1,2,-4,16,,,,,,,,,,,,
,Curtis Douglas,"TBL,VAN",L,C,29,0,2,2,1,92,,,,,,,,,,,,
,Curtis Lazar,EDM,R,C,45,4,2,6,-3,10,,,,,,,,,,,,
,Cutter Gauthier,ANA,L,L,76,41,28,69,-2,28,,,,,,,,,,,,
,Daemon Hunt,MIN,L,D,32,0,6,6,-3,6,,,,,,,,,,,,
,Dakota Joshua,TOR,L,C,55,10,8,18,-2,49,,,,,,,,,,,,
,Dakota Mermis,TOR,L,D,11,1,0,1,-3,11,,,,,,,,,,,,
,Dalibor Dvorsky,STL,L,R,71,12,9,21,-6,26,,,,,,,,,,,,
,Damon Severson,CBJ,R,D,71,8,24,32,18,45,,,,,,,,,,,,
,Daniil But,UTA,R,L,29,3,4,7,1,8,,,,,,,,,,,,
,Daniil Miromanov,CGY,R,D,1,0,0,0,0,0,,,,,,,,,,,,
,Danil Zhilkin,WPG,L,C,6,0,1,1,3,0,,,,,,,,,,,,
,Danila Yurov,MIN,L,R,73,12,15,27,-7,28,,,,,,,,,,,,
,Dante Fabbro,CBJ,R,D,74,5,6,11,-16,33,,,,,,,,,,,,
,Danton Heinen,"PIT,CBJ",L,L,13,1,1,2,1,8,,,,,,,,,,,,
,Danton Heinen,"PIT,CBJ",L,L,33,5,5,10,6,8,,,,,,,,,,,,
,Darnell Nurse,EDM,L,D,82,7,17,24,-12,104,,,,,,,,,,,,
,Darren Raddysh,TBL,R,D,73,22,48,70,21,72,,,,,,,,,,,,
,David Jiricek,"MIN,PHI",R,D,25,0,0,0,0,14,,,,,,,,,,,,
,David Jiricek,"MIN,PHI",R,D,1,0,0,0,0,2,,,,,,,,,,,,
,David Kampf,"VAN,WSH",L,C,38,2,4,6,-12,10,,,,,,,,,,,,
,David Kampf,"VAN,WSH",L,C,2,0,0,0,-1,2,,,,,,,,,,,,
,David Pastrnak,BOS,R,R,77,29,71,100,4,72,,,,,,,,,,,,
,David Perron,"OTT,DET",R,L,16,3,0,3,-9,18,,,,,,,,,,,,
,David Perron,"OTT,DET",R,L,49,10,15,25,2,22,,,,,,,,,,,,
,David Reinbacher,MTL,R,D,2,0,1,1,0,0,,,,,,,,,,,,
,David Spacek,MIN,R,D,2,0,0,0,-1,0,,,,,,,,,,,,
,David Tomasek,EDM,R,R,22,3,2,5,-6,10,,,,,,,,,,,,
,Dawson Mercer,NJD,R,C,82,20,22,42,-2,33,,,,,,,,,,,,
,Declan Carlile,TBL,L,D,42,1,2,3,5,40,,,,,,,,,,,,
,Declan Chisholm,WSH,L,D,26,1,6,7,3,4,,,,,,,,,,,,
,Dennis Cholowski,NJD,L,D,17,0,2,2,-6,2,,,,,,,,,,,,
,Dennis Gilbert,OTT,L,D,8,0,1,1,0,2,,,,,,,,,,,,
,Denton Mateychuk,CBJ,L,D,75,13,18,31,12,8,,,,,,,,,,,,
,Denver Barkey,PHI,L,C,43,5,12,17,-6,16,,,,,,,,,,,,
,Derek Forbort,VAN,L,D,2,0,0,0,0,2,,,,,,,,,,,,
,Devon Toews,COL,L,D,68,3,21,24,37,32,,,,,,,,,,,,
,Dmitri Simashev,UTA,L,D,28,0,1,1,-11,23,,,,,,,,,,,,
,Dmitri Voronkov,CBJ,L,L,63,17,15,32,-1,59,,,,,,,,,,,,
,Dmitry Kulikov,FLA,L,D,19,0,0,0,-5,10,,,,,,,,,,,,
,Dmitry Orlov,SJS,L,D,82,3,34,37,-28,48,,,,,,,,,,,,
,Domenick Fensore,CAR,L,D,1,0,0,0,-2,0,,,,,,,,,,,,
,Dominic James,TBL,L,C,43,7,8,15,4,8,,,,,,,,,,,,
,Dominic Toninato,CHI,L,C,8,0,1,1,0,6,,,,,,,,,,,,
,Dominik Shine,DET,R,R,18,3,0,3,0,7,,,,,,,,,,,,
,Donovan Sebrango,"OTT,FLA",L,D,40,0,8,8,-4,63,,,,,,,,,,,,
,Donovan Sebrango,"OTT,FLA",L,D,2,0,0,0,-1,5,,,,,,,,,,,,
,Dougie Hamilton,NJD,R,D,77,12,27,39,-2,50,,,,,,,,,,,,
,Drake Batherson,OTT,R,R,79,33,38,71,-7,33,,,,,,,,,,,,
,Drew Doughty,LAK,R,D,72,5,18,23,4,40,,,,,,,,,,,,
,Drew Fortescue,NYR,L,D,9,0,2,2,4,4,,,,,,,,,,,,
,Drew Helleson,ANA,R,D,60,2,13,15,-4,20,,,,,,,,,,,,
,Drew O'Connor,VAN,L,L,82,17,12,29,-12,47,,,,,,,,,,,,
,Dryden Hunt,CGY,L,L,3,0,0,0,-3,2,,,,,,,,,,,,
,Dylan Coghlan,VGK,R,D,3,0,0,0,1,2,,,,,,,,,,,,
,Dylan Cozens,OTT,R,C,82,28,31,59,-7,59,,,,,,,,,,,,
,Dylan DeMelo,WPG,R,D,82,3,16,19,7,40,,,,,,,,,,,,
,Dylan Duke,TBL,L,L,1,0,0,0,-1,0,,,,,,,,,,,,
,Dylan Guenther,UTA,R,R,79,40,33,73,7,28,,,,,,,,,,,,
,Dylan Holloway,STL,L,L,59,22,29,51,13,20,,,,,,,,,,,,
,Dylan Larkin,DET,L,C,74,34,33,67,3,48,,,,,,,,,,,,
,Dylan McIlrath,WSH,R,D,13,0,0,0,-1,10,,,,,,,,,,,,
,Dylan Samberg,WPG,L,D,66,1,13,14,5,14,,,,,,,,,,,,
,Dylan Strome,WSH,L,C,80,19,39,58,2,46,,,,,,,,,,,,
,Dysin Mayo,CBJ,R,D,3,0,1,1,1,0,,,,,,,,,,,,
,Easton Cowan,TOR,L,R,66,11,18,29,-5,45,,,,,,,,,,,,
,Eeli Tolvanen,SEA,L,R,78,12,24,36,-18,30,,,,,,,,,,,,
,Eetu Luostarinen,FLA,L,C,73,11,22,33,4,32,,,,,,,,,,,,
,Egor Chinakhov,"CBJ,PIT",L,R,29,3,3,6,-6,6,,,,,,,,,,,,
,Egor Chinakhov,"CBJ,PIT",L,R,43,18,18,36,4,4,,,,,,,,,,,,
,Egor Zamula,"PHI,CBJ",L,D,20,0,2,2,2,0,,,,,,,,,,,,
,Egor Zamula,"PHI,CBJ",L,D,13,0,1,1,4,4,,,,,,,,,,,,
,Elias Lindholm,BOS,R,C,69,17,31,48,-7,38,,,,,,,,,,,,
,Elias Pettersson,VAN,L,C,74,15,36,51,-30,20,,,,,,,,,,,,
,Elias Pettersson,VAN,L,D,70,3,7,10,-16,39,,,,,,,,,,,,
,Elias Salomonsson,WPG,R,D,32,1,4,5,-6,12,,,,,,,,,,,,
,Elmer Soderblom,"DET,PIT",L,L,39,2,1,3,-4,12,,,,,,,,,,,,
,Elmer Soderblom,"DET,PIT",L,L,20,5,5,10,3,11,,,,,,,,,,,,
,Emil Andrae,PHI,L,D,61,2,11,13,15,22,,,,,,,,,,,,
,Emil Heineman,NYI,L,L,82,22,9,31,-13,18,,,,,,,,,,,,
,Emil Lilleberg,TBL,L,D,50,4,8,12,15,61,,,,,,,,,,,,
,Emmitt Finnie,DET,L,C,82,13,17,30,-10,6,,,,,,,,,,,,
,Eric Robinson,CAR,L,L,67,12,6,18,7,8,,,,,,,,,,,,
,Erik Cernak,TBL,R,D,61,3,8,11,3,74,,,,,,,,,,,,
,Erik Gudbranson,CBJ,R,D,37,1,2,3,6,19,,,,,,,,,,,,
,Erik Gustafsson,DET,L,D,2,0,0,0,-2,2,,,,,,,,,,,,
,Erik Haula,NSH,L,L,81,14,24,38,-15,64,,,,,,,,,,,,
,Erik Karlsson,PIT,R,D,75,15,51,66,8,22,,,,,,,,,,,,
,Esa Lindell,DAL,L,D,82,6,26,32,30,20,,,,,,,,,,,,
,Ethan Cardwell,SJS,R,R,7,1,0,1,-3,2,,,,,,,,,,,,
,Ethan Del Mastro,CHI,L,D,19,0,1,1,-11,18,,,,,,,,,,,,
,Ethen Frank,WSH,R,R,62,12,12,24,8,18,,,,,,,,,,,,
,Evan Bouchard,EDM,R,D,82,21,74,95,25,30,,,,,,,,,,,,
,Evan Rodrigues,FLA,R,C,69,11,20,31,-16,38,,,,,,,,,,,,
,Evander Kane,VAN,L,L,71,13,18,31,-20,92,,,,,,,,,,,,
,Evgeni Malkin,PIT,L,C,56,19,42,61,13,61,,,,,,,,,,,,
,Evgenii Dadonov,NJD,L,L,24,1,0,1,-6,2,,,,,,,,,,,,
,Fabian Zetterlund,OTT,R,L,82,17,16,33,-1,16,,,,,,,,,,,,
,Fedor Svechkov,NSH,L,C,70,4,13,17,-6,22,,,,,,,,,,,,
,Felix Unger Sorum,CAR,R,R,1,0,1,1,1,0,,,,,,,,,,,,
,Filip Chytil,VAN,L,C,12,3,0,3,-7,6,,,,,,,,,,,,
,Filip Forsberg,NSH,R,L,82,40,35,75,-2,34,,,,,,,,,,,,
,Filip Hallander,PIT,L,C,13,1,3,4,4,2,,,,,,,,,,,,
,Filip Hronek,VAN,R,D,82,8,41,49,-23,33,,,,,,,,,,,,
,Florian Xhekaj,MTL,L,L,5,0,1,1,-1,7,,,,,,,,,,,,
,Frank Nazar,CHI,R,C,66,15,26,41,-21,26,,,,,,,,,,,,
,Frank Vatrano,ANA,L,R,50,5,4,9,-15,40,,,,,,,,,,,,
,Fraser Minten,BOS,L,C,82,17,18,35,21,20,,,,,,,,,,,,
,Freddy Gaudreau,SEA,R,C,68,7,17,24,-1,11,,,,,,,,,,,,
,Gabe Perreault,NYR,L,R,49,12,15,27,0,10,,,,,,,,,,,,
,Gabriel Landeskog,COL,L,L,60,14,21,35,29,47,,,,,,,,,,,,
,Gabriel Vilardi,WPG,R,C,82,30,39,69,-12,24,,,,,,,,,,,,
,Gage Goncalves,TBL,L,C,74,11,22,33,26,41,,,,,,,,,,,,
,Garnet Hathaway,PHI,R,R,66,1,2,3,-6,59,,,,,,,,,,,,
,Garrett Wilson,PHI,L,L,3,0,0,0,0,5,,,,,,,,,,,,
,Gavin Brindley,COL,R,C,56,6,7,13,2,8,,,,,,,,,,,,
,Georgii Merkulov,BOS,L,C,1,0,0,0,-1,0,,,,,,,,,,,,
,Gustav Forsling,FLA,L,D,80,2,26,28,-5,51,,,,,,,,,,,,
,Gustav Nyquist,WPG,L,R,51,1,11,12,-8,10,,,,,,,,,,,,
,Hampus Lindholm,BOS,L,D,67,5,21,26,3,58,,,,,,,,,,,,
,Harrison Brunicke,PIT,R,D,9,1,0,1,-4,6,,,,,,,,,,,,
,Hayden Hodgson,OTT,R,R,10,0,0,0,-2,11,,,,,,,,,,,,
,Haydn Fleury,WPG,L,D,38,2,2,4,-18,12,,,,,,,,,,,,
,Hendrix Lapierre,WSH,L,C,74,4,12,16,0,31,,,,,,,,,,,,
,Henri Jokiharju,BOS,R,D,41,2,13,15,2,14,,,,,,,,,,,,
,Henry Thrun,TOR,L,D,4,0,0,0,-1,0,,,,,,,,,,,,
,Hugh McGing,STL,L,L,3,1,1,2,0,0,,,,,,,,,,,,
,Hunter Brzustewicz,CGY,R,D,34,2,5,7,0,4,,,,,,,,,,,,
,Hunter Haight,MIN,R,C,9,1,1,2,-5,4,,,,,,,,,,,,
,Hunter McDonald,PHI,L,D,1,0,1,1,3,4,,,,,,,,,,,,
,Hunter Skinner,STL,R,D,1,0,0,0,1,0,,,,,,,,,,,,
,Ian Cole,UTA,L,D,82,3,20,23,16,50,,,,,,,,,,,,
,Ian Moore,ANA,R,D,67,4,8,12,-14,24,,,,,,,,,,,,
,Igor Chernyshov,SJS,R,L,28,9,10,19,2,6,,,,,,,,,,,,
,Ilya Lyubushkin,DAL,R,D,53,1,8,9,1,40,,,,,,,,,,,,
,Ilya Mikheyev,CHI,L,R,77,18,18,36,2,18,,,,,,,,,,,,
,Ilya Protas,WSH,L,L,4,1,3,4,1,2,,,,,,,,,,,,
,Ilya Solovyov,"COL,PIT",L,D,16,1,2,3,-1,6,,,,,,,,,,,,
,Ilya Solovyov,"COL,PIT",L,D,14,0,5,5,1,10,,,,,,,,,,,,
,Isaac Howard,EDM,L,L,29,2,3,5,-6,12,,,,,,,,,,,,
,Isaak Phillips,WPG,L,D,3,0,0,0,0,2,,,,,,,,,,,,
,Isac Lundeström,CBJ,L,C,68,4,8,12,-2,4,,,,,,,,,,,,
,Isaiah George,NYI,L,D,4,0,1,1,1,0,,,,,,,,,,,,
,Isak Rosen,"BUF,WPG",L,R,16,3,4,7,-3,0,,,,,,,,,,,,
,Isak Rosen,"BUF,WPG",L,R,21,3,0,3,-2,0,,,,,,,,,,,,
,Ivan Barbashev,VGK,L,L,82,23,38,61,20,14,,,,,,,,,,,,
,Ivan Demidov,MTL,L,R,82,19,43,62,3,34,,,,,,,,,,,,
,Ivan Ivan,COL,L,C,9,0,1,1,1,2,,,,,,,,,,,,
,Ivan Miroshnichenko,WSH,R,L,13,2,1,3,1,2,,,,,,,,,,,,
,Ivan Provorov,CBJ,L,D,82,9,22,31,14,32,,,,,,,,,,,,
,J.J. Moser,TBL,L,D,79,7,22,29,41,69,,,,,,,,,,,,
,J.T. Compher,DET,R,L,82,11,17,28,-13,27,,,,,,,,,,,,
,J.T. Miller,NYR,L,C,68,17,36,53,-30,33,,,,,,,,,,,,
,Jaccob Slavin,CAR,L,D,39,1,7,8,8,4,,,,,,,,,,,,
,Jack Ahcan,COL,L,D,11,0,2,2,2,2,,,,,,,,,,,,
,Jack Devine,FLA,R,R,6,0,0,0,-3,2,,,,,,,,,,,,
,Jack Drury,COL,L,C,82,10,17,27,15,31,,,,,,,,,,,,
,Jack Eichel,VGK,R,C,74,27,63,90,23,18,,,,,,,,,,,,
,Jack Finley,"TBL,STL",R,C,22,0,2,2,0,17,,,,,,,,,,,,
,Jack Finley,"TBL,STL",R,C,22,2,1,3,2,21,,,,,,,,,,,,
,Jack Hughes,NJD,L,C,61,27,50,77,0,10,,,,,,,,,,,,
,Jack McBain,UTA,L,C,75,9,16,25,11,84,,,,,,,,,,,,
,Jack Quinn,BUF,R,R,82,20,31,51,4,18,,,,,,,,,,,,
,Jack Roslovic,EDM,R,C,69,21,15,36,-9,16,,,,,,,,,,,,
,Jack St. Ivany,PIT,R,D,20,0,7,7,4,6,,,,,,,,,,,,
,Jack Studnicka,FLA,R,C,19,0,0,0,-6,4,,,,,,,,,,,,
,Jackson Blake,CAR,R,R,81,22,31,53,4,40,,,,,,,,,,,,
,Jackson LaCombe,ANA,L,D,82,10,48,58,-2,19,,,,,,,,,,,,
,Jacob Bernard-Docker,DET,R,D,63,1,4,5,0,25,,,,,,,,,,,,
,Jacob Bryson,"BUF,WPG",L,D,15,0,3,3,-8,2,,,,,,,,,,,,
,Jacob Bryson,"BUF,WPG",L,D,35,2,3,5,-1,8,,,,,,,,,,,,
,Jacob Gaucher,PHI,R,C,4,0,0,0,-1,0,,,,,,,,,,,,
,Jacob Melanson,SEA,R,R,36,2,3,5,-9,32,,,,,,,,,,,,
,Jacob Moverare,LAK,L,D,15,0,0,0,-4,0,,,,,,,,,,,,
,Jacob Quillan,TOR,L,C,23,1,2,3,-5,2,,,,,,,,,,,,
,Jacob Trouba,ANA,R,D,81,10,25,35,-1,31,,,,,,,,,,,,
,Jaden Schwartz,SEA,L,L,50,11,15,26,5,8,,,,,,,,,,,,
,Jake Bean,CGY,L,D,16,1,1,2,-7,16,,,,,,,,,,,,
,Jake Christiansen,CBJ,L,D,40,0,3,3,-7,8,,,,,,,,,,,,
,Jake DeBrusk,VAN,L,L,81,23,19,42,-31,12,,,,,,,,,,,,
,Jake Evans,MTL,R,C,68,12,12,24,-8,28,,,,,,,,,,,,
,Jake Guentzel,TBL,L,C,81,38,50,88,13,61,,,,,,,,,,,,
,Jake Livanavage,PIT,--,D,1,0,0,0,-2,0,,,,,,,,,,,,
,Jake McCabe,TOR,L,D,80,5,20,25,3,64,,,,,,,,,,,,
,Jake Middleton,MIN,L,D,75,2,14,16,2,76,,,,,,,,,,,,
,Jake Neighbours,STL,L,L,69,15,21,36,-7,43,,,,,,,,,,,,
,Jake Sanderson,OTT,L,D,67,14,40,54,16,8,,,,,,,,,,,,
,Jake Walman,EDM,L,D,53,8,12,20,-17,10,,,,,,,,,,,,
,Jakob Chychrun,WSH,L,D,80,26,34,60,20,62,,,,,,,,,,,,
,Jakob Pelletier,TBL,L,L,5,0,0,0,-1,0,,,,,,,,,,,,
,Jalen Chatfield,CAR,R,D,72,2,15,17,15,18,,,,,,,,,,,,
,James Hagens,BOS,L,C,2,0,1,1,1,2,,,,,,,,,,,,
,James van Riemsdyk,DET,L,L,72,15,16,31,-17,14,,,,,,,,,,,,
,Jamie Benn,DAL,L,L,60,15,21,36,8,53,,,,,,,,,,,,
,Jamie Drysdale,PHI,R,D,78,8,24,32,-3,33,,,,,,,,,,,,
,Jamie Oleksiak,SEA,L,D,78,5,10,15,9,36,,,,,,,,,,,,
,Jani Nyman,SEA,L,R,28,4,3,7,-5,6,,,,,,,,,,,,
,Jansen Harkins,ANA,L,C,44,3,5,8,-6,28,,,,,,,,,,,,
,Jared Davidson,MTL,L,C,10,0,1,1,-4,10,,,,,,,,,,,,
,Jared McCann,SEA,L,L,52,20,20,40,-7,11,,,,,,,,,,,,
,Jared Spurgeon,MIN,R,D,79,6,16,22,2,14,,,,,,,,,,,,
,Jared Wright,LAK,R,R,23,0,4,4,0,4,,,,,,,,,,,,
,Jaroslav Chmelar,NYR,R,R,28,4,2,6,-2,11,,,,,,,,,,,,
,Jason Dickinson,"CHI,EDM",L,C,47,6,7,13,-7,10,,,,,,,,,,,,
,Jason Dickinson,"CHI,EDM",L,C,17,1,3,4,-3,10,,,,,,,,,,,,
,Jason Polin,COL,R,R,4,0,0,0,1,0,,,,,,,,,,,,
,Jason Robertson,DAL,L,L,82,45,51,96,22,32,,,,,,,,,,,,
,Jason Zucker,BUF,L,L,62,24,21,45,-5,23,,,,,,,,,,,,
,Jaycob Megna,VGK,L,D,4,0,0,0,-5,2,,,,,,,,,,,,
,Jayden Struble,MTL,L,D,59,2,10,12,4,58,,,,,,,,,,,,
,Jean-Gabriel Pageau,NYI,R,C,74,17,18,35,0,4,,,,,,,,,,,,
,Jeff Malott,LAK,L,L,58,3,6,9,-9,55,,,,,,,,,,,,
,Jeff Petry,"FLA,MIN",R,D,58,0,8,8,-10,22,,,,,,,,,,,,
,Jeff Petry,"FLA,MIN",R,D,9,0,1,1,-5,2,,,,,,,,,,,,
,Jeff Skinner,SJS,L,L,32,6,7,13,-8,14,,,,,,,,,,,,
,Jeffrey Viel,"BOS,ANA",L,L,35,3,7,10,-2,49,,,,,,,,,,,,
,Jeffrey Viel,"BOS,ANA",L,L,10,0,0,0,-1,30,,,,,,,,,,,,
,Jeremy Lauzon,VGK,L,D,68,1,12,13,-3,89,,,,,,,,,,,,
,Jesper Boqvist,FLA,L,C,73,4,9,13,-11,16,,,,,,,,,,,,
,Jesper Bratt,NJD,L,L,82,22,49,71,-11,12,,,,,,,,,,,,
,Jesperi Kotkaniemi,CAR,L,C,42,2,7,9,3,8,,,,,,,,,,,,
,Jett Luchanko,PHI,R,C,4,0,0,0,-3,2,,,,,,,,,,,,
,Jimmy Snuggerud,STL,R,R,70,21,30,51,16,18,,,,,,,,,,,,
,Jiri Kulich,BUF,L,C,12,3,2,5,-4,4,,,,,,,,,,,,
,JJ Peterka,UTA,L,R,82,25,22,47,6,28,,,,,,,,,,,,
,Joakim Kemell,NSH,R,R,16,1,2,3,2,0,,,,,,,,,,,,
,Joel Armia,LAK,R,R,67,13,12,25,1,30,,,,,,,,,,,,
,Joel Edmundson,LAK,L,D,82,2,21,23,14,25,,,,,,,,,,,,
,Joel Eriksson Ek,MIN,L,C,70,19,32,51,16,32,,,,,,,,,,,,
,Joel Farabee,CGY,L,L,82,20,18,38,-9,28,,,,,,,,,,,,
,Joel Hanley,CGY,L,D,68,0,7,7,-5,44,,,,,,,,,,,,
,Joel Kiviranta,COL,L,L,51,3,6,9,7,8,,,,,,,,,,,,
,Joel Nystrom,CAR,R,D,38,1,9,10,6,6,,,,,,,,,,,,
,John Beecher,"BOS,CGY",L,C,29,2,4,6,-5,31,,,,,,,,,,,,
,John Beecher,"BOS,CGY",L,C,6,1,0,1,-1,0,,,,,,,,,,,,
,John Carlson,"WSH,ANA",R,D,16,4,10,14,-2,6,,,,,,,,,,,,
,John Carlson,"WSH,ANA",R,D,55,10,36,46,11,26,,,,,,,,,,,,
,John Hayden,SEA,R,C,3,0,0,0,-1,2,,,,,,,,,,,,
,John Klingberg,SJS,R,D,56,10,17,27,-13,24,,,,,,,,,,,,
,John Leonard,DET,L,L,11,2,2,4,-3,0,,,,,,,,,,,,
,John Marino,UTA,R,D,80,4,32,36,42,16,,,,,,,,,,,,
,John Tavares,TOR,L,C,82,31,40,71,-28,28,,,,,,,,,,,,
,Johnathan Kovacevic,NJD,R,D,34,0,8,8,0,38,,,,,,,,,,,,
,Jonah Gadjovich,FLA,L,L,10,0,3,3,2,7,,,,,,,,,,,,
,Jonas Brodin,MIN,L,D,62,4,14,18,19,16,,,,,,,,,,,,
,Jonas Rondbjerg,VGK,L,R,4,0,1,1,-2,0,,,,,,,,,,,,
,Jonas Siegenthaler,NJD,L,D,82,0,16,16,-9,48,,,,,,,,,,,,
,Jonatan Berggren,"DET,STL",L,R,15,2,4,6,-3,6,,,,,,,,,,,,
,Jonatan Berggren,"DET,STL",L,R,36,6,10,16,-2,6,,,,,,,,,,,,
,Jonathan Aspirot,BOS,L,D,61,3,10,13,30,43,,,,,,,,,,,,
,Jonathan Drouin,"NYI,STL",L,L,55,3,18,21,-3,19,,,,,,,,,,,,
,Jonathan Drouin,"NYI,STL",L,L,9,1,2,3,-2,0,,,,,,,,,,,,
,Jonathan Huberdeau,CGY,L,L,50,10,15,25,-9,41,,,,,,,,,,,,
,Jonathan Lekkerimäki,VAN,R,R,13,2,1,3,-3,0,,,,,,,,,,,,
,Jonathan Marchessault,NSH,R,R,62,12,19,31,-18,30,,,,,,,,,,,,
,Jonathan Toews,WPG,L,C,82,11,18,29,-20,38,,,,,,,,,,,,
,Jonny Brodzinski,NYR,R,C,55,6,10,16,-1,12,,,,,,,,,,,,
,Joona Koppanen,PIT,L,L,13,0,1,1,-2,2,,,,,,,,,,,,
,Jordan Eberle,SEA,R,R,80,26,29,55,2,28,,,,,,,,,,,,
,Jordan Greenway,BUF,L,L,40,1,5,6,-10,29,,,,,,,,,,,,
,Jordan Harris,BOS,L,D,8,1,2,3,0,0,,,,,,,,,,,,
,Jordan Kyrou,STL,R,R,72,18,28,46,-5,8,,,,,,,,,,,,
,Jordan Martinook,CAR,L,L,77,12,17,29,6,35,,,,,,,,,,,,
,Jordan Oesterle,NSH,L,D,1,0,0,0,-1,0,,,,,,,,,,,,
,Jordan Spence,OTT,R,D,73,7,24,31,15,22,,,,,,,,,,,,
,Jordan Staal,CAR,L,C,75,20,16,36,5,29,,,,,,,,,,,,
,Jorian Donovan,OTT,L,D,2,0,0,0,0,0,,,,,,,,,,,,
,Joseph LaBate,VAN,L,C,1,0,0,0,-1,0,,,,,,,,,,,,
,Joseph Veleno,MTL,L,C,61,2,3,5,-12,19,,,,,,,,,,,,
,Josh Anderson,MTL,R,R,72,14,9,23,-4,90,,,,,,,,,,,,
,Josh Doan,BUF,R,R,82,25,27,52,-4,25,,,,,,,,,,,,
,Josh Dunne,BUF,L,C,34,1,3,4,-7,38,,,,,,,,,,,,
,Josh Mahura,SEA,L,D,23,1,2,3,8,16,,,,,,,,,,,,
,Josh Manson,COL,R,D,79,5,26,31,42,91,,,,,,,,,,,,
,Josh Morrissey,WPG,L,D,77,14,41,55,6,30,,,,,,,,,,,,
,Josh Norris,BUF,L,C,44,13,21,34,11,28,,,,,,,,,,,,
,Josh Samanski,EDM,L,C,24,2,2,4,2,6,,,,,,,,,,,,
,Joshua Roy,MTL,L,R,3,0,0,0,0,2,,,,,,,,,,,,
,Josiah Slavin,CAR,L,L,2,0,0,0,1,2,,,,,,,,,,,,
,Juho Lammikko,NJD,L,C,24,0,2,2,-4,4,,,,,,,,,,,,
,Juraj Slafkovský,MTL,L,L,82,30,43,73,9,52,,,,,,,,,,,,
,Justin Barron,NSH,R,D,52,0,9,9,-1,17,,,,,,,,,,,,
,Justin Brazeau,PIT,R,R,64,17,17,34,5,14,,,,,,,,,,,,
,Justin Danforth,BUF,R,R,4,0,0,0,-2,2,,,,,,,,,,,,
,Justin Dowling,NYR,L,C,2,0,0,0,-1,0,,,,,,,,,,,,
,Justin Faulk,"STL,DET",R,D,17,5,3,8,-5,10,,,,,,,,,,,,
,Justin Faulk,"STL,DET",R,D,61,11,21,32,-3,32,,,,,,,,,,,,
,Justin Holl,STL,R,D,9,1,1,2,5,6,,,,,,,,,,,,
,Justin Hryckowian,DAL,L,C,81,14,16,30,1,43,,,,,,,,,,,,
,Justin Kirkland,CGY,L,C,20,1,1,2,1,2,,,,,,,,,,,,
,Justin Robidas,CAR,R,C,2,0,1,1,0,0,,,,,,,,,,,,
,Justin Sourdif,WSH,R,C,78,15,20,35,17,35,,,,,,,,,,,,
,Juuso Parssinen,NYR,L,C,20,2,1,3,4,10,,,,,,,,,,,,
,K'Andre Miller,CAR,L,D,72,8,29,37,7,56,,,,,,,,,,,,
,Kaapo Kakko,SEA,L,R,65,13,27,40,14,14,,,,,,,,,,,,
,Kaedan Korczak,VGK,R,D,78,3,13,16,6,26,,,,,,,,,,,,
,Kai Uchacz,VGK,R,C,3,0,0,0,-1,5,,,,,,,,,,,,
,Kaiden Guhle,MTL,L,D,39,2,9,11,5,41,,,,,,,,,,,,
,Kailer Yamamoto,UTA,R,R,59,13,10,23,11,14,,,,,,,,,,,,
,Kasperi Kapanen,EDM,R,R,41,8,9,17,5,14,,,,,,,,,,,,
,Keaton Middleton,COL,L,D,3,0,1,1,-1,4,,,,,,,,,,,,
,Keegan Kolesar,VGK,R,R,82,6,11,17,-14,55,,,,,,,,,,,,
,Kenny Connors,LAK,L,C,2,0,0,0,-1,0,,,,,,,,,,,,
,Kent Johnson,CBJ,L,C,76,7,15,22,-8,20,,,,,,,,,,,,
,Kevin Bahl,CGY,L,D,76,4,14,18,2,47,,,,,,,,,,,,
,Kevin Fiala,LAK,L,L,56,18,22,40,-11,34,,,,,,,,,,,,
,Kevin Gravel,NSH,L,D,1,0,0,0,0,0,,,,,,,,,,,,
,Kevin Hayes,PIT,L,R,28,4,4,8,-1,8,,,,,,,,,,,,
,Kevin Korchinski,CHI,L,D,13,0,2,2,-4,4,,,,,,,,,,,,
,Kevin Rooney,UTA,L,C,1,1,0,1,1,0,,,,,,,,,,,,
,Kevin Stenlund,UTA,R,C,80,4,14,18,-9,24,,,,,,,,,,,,
,Kiefer Sherwood,"VAN,SJS",R,L,44,17,6,23,-12,22,,,,,,,,,,,,
,Kiefer Sherwood,"VAN,SJS",R,L,28,6,7,13,-8,28,,,,,,,,,,,,
,Kirby Dach,MTL,R,C,37,8,7,15,-2,31,,,,,,,,,,,,
,Kirill Kaprizov,MIN,L,L,78,45,44,89,10,28,,,,,,,,,,,,
,Kirill Kudryavtsev,VAN,L,D,3,0,2,2,2,0,,,,,,,,,,,,
,Kirill Marchenko,CBJ,R,R,76,27,40,67,7,32,,,,,,,,,,,,
,Konsta Helenius,BUF,R,C,9,1,3,4,1,0,,,,,,,,,,,,
,Kris Letang,PIT,R,D,74,3,31,34,-4,38,,,,,,,,,,,,
,Kurtis MacDermid,OTT,L,L,19,0,1,1,-5,33,,,,,,,,,,,,
,Kyle Capobianco,DAL,L,D,33,2,3,5,1,8,,,,,,,,,,,,
,Kyle Connor,WPG,L,L,82,39,53,92,-2,16,,,,,,,,,,,,
,Kyle MacLean,NYI,L,C,59,2,5,7,-6,40,,,,,,,,,,,,
,Kyle Palmieri,NYI,R,C,25,6,12,18,-2,8,,,,,,,,,,,,
,Landon Slaggert,CHI,L,L,53,3,4,7,-2,16,,,,,,,,,,,,
,Lane Hutson,MTL,L,D,82,12,66,78,36,34,,,,,,,,,,,,
,Lane Pederson,PHI,R,C,5,0,0,0,0,0,,,,,,,,,,,,
,Lars Eller,OTT,L,C,68,5,10,15,5,12,,,,,,,,,,,,
,Lassi Thomson,OTT,R,D,11,0,3,3,3,0,,,,,,,,,,,,
,Lawson Crouse,UTA,L,L,81,24,20,44,20,46,,,,,,,,,,,,
,Lenni Hameenaho,NJD,R,R,33,2,6,8,-3,14,,,,,,,,,,,,
,Leo Carlsson,ANA,L,C,70,29,38,67,4,33,,,,,,,,,,,,
,Leon Draisaitl,EDM,L,C,65,35,62,97,13,26,,,,,,,,,,,,
,Liam Foudy,NYI,L,C,1,0,0,0,0,0,,,,,,,,,,,,
,Liam O'Brien,UTA,L,C,38,3,1,4,-6,43,,,,,,,,,,,,
,Liam Ohgren,"MIN,VAN",L,L,51,8,10,18,-16,2,,,,,,,,,,,,
,Liam Ohgren,"MIN,VAN",L,L,18,0,0,0,-3,0,,,,,,,,,,,,
,Lian Bichsel,DAL,L,D,50,4,4,8,6,37,,,,,,,,,,,,
,Linus Karlsson,VAN,R,C,79,15,20,35,-28,42,,,,,,,,,,,,
,Logan Cooley,UTA,L,C,54,24,19,43,3,28,,,,,,,,,,,,
,Logan Mailloux,STL,R,D,67,5,8,13,-10,48,,,,,,,,,,,,
,Logan O'Connor,COL,R,R,13,0,2,2,-1,4,,,,,,,,,,,,
,Logan Stankoven,CAR,R,C,81,21,23,44,12,25,,,,,,,,,,,,
,Logan Stanley,"WPG,BUF",L,D,59,9,12,21,-2,99,,,,,,,,,,,,
,Logan Stanley,"WPG,BUF",L,D,17,0,5,5,5,29,,,,,,,,,,,,
,Louis Crevier,CHI,R,D,78,7,18,25,-2,63,,,,,,,,,,,,
,Luca Cagnoni,SJS,L,D,3,0,0,0,0,2,,,,,,,,,,,,
,Luca Del Bel Belluz,CBJ,L,C,14,0,1,1,-2,4,,,,,,,,,,,,
,Luca Pinelli,CBJ,L,C,3,0,0,0,-1,0,,,,,,,,,,,,
,Lucas Raymond,DET,R,L,80,25,51,76,1,22,,,,,,,,,,,,
,Ludvig Jansson,FLA,R,D,4,0,1,1,2,0,,,,,,,,,,,,
,Lukas Reichel,"CHI,VAN,BOS",L,L,14,0,1,1,-5,4,,,,,,,,,,,,
,Lukas Reichel,"CHI,VAN,BOS",L,L,5,2,2,4,1,2,,,,,,,,,,,,
,Lukas Reichel,"CHI,VAN,BOS",L,L,10,1,2,3,2,0,,,,,,,,,,,,
,Luke Evangelista,NSH,R,R,81,12,44,56,1,28,,,,,,,,,,,,
,Luke Glendening,"NJD,PHI",R,C,52,0,4,4,-11,4,,,,,,,,,,,,
,Luke Glendening,"NJD,PHI",R,C,18,2,3,5,4,4,,,,,,,,,,,,
,Luke Haymes,TOR,L,C,4,0,1,1,-2,2,,,,,,,,,,,,
,Luke Hughes,NJD,L,D,68,6,29,35,-4,32,,,,,,,,,,,,
,Luke Kunin,FLA,R,C,62,4,6,10,-6,47,,,,,,,,,,,,
,Luke Schenn,"WPG,BUF",R,D,46,1,6,7,-11,32,,,,,,,,,,,,
,Luke Schenn,"WPG,BUF",R,D,4,0,0,0,-1,11,,,,,,,,,,,,
,Mackenzie MacEachern,VAN,L,L,8,1,3,4,0,12,,,,,,,,,,,,
,MacKenzie Weegar,"CGY,UTA",R,D,60,3,18,21,-35,69,,,,,,,,,,,,
,MacKenzie Weegar,"CGY,UTA",R,D,19,1,6,7,2,19,,,,,,,,,,,,
,Mackie Samoskevich,FLA,R,R,77,12,20,32,-5,30,,,,,,,,,,,,
,Macklin Celebrini,SJS,L,C,82,45,70,115,8,44,,,,,,,,,,,,
,Maksim Tsyplakov,"NYI,NJD",L,R,27,1,1,2,-9,6,,,,,,,,,,,,
,Maksim Tsyplakov,"NYI,NJD",L,R,22,1,1,2,-8,0,,,,,,,,,,,,
,Marat Khusnutdinov,BOS,L,C,77,15,18,33,12,16,,,,,,,,,,,,
,Marc Gatcomb,NYI,R,C,49,3,4,7,-3,10,,,,,,,,,,,,
,Marc McLaughlin,NJD,R,C,7,0,0,0,-2,0,,,,,,,,,,,,
,Marco Kasper,DET,L,C,81,9,10,19,-20,33,,,,,,,,,,,,
,Marco Rossi,"MIN,VAN",L,C,33,8,14,22,-20,8,,,,,,,,,,,,
,Marco Rossi,"MIN,VAN",L,C,17,4,9,13,-6,2,,,,,,,,,,,,
,Marcus Foligno,MIN,L,L,56,8,5,13,-12,67,,,,,,,,,,,,
,Marcus Johansson,MIN,L,L,75,15,34,49,18,12,,,,,,,,,,,,
,Marcus Pettersson,VAN,L,D,82,3,15,18,-19,60,,,,,,,,,,,,
,Marek Alscher,FLA,L,D,4,0,3,3,4,0,,,,,,,,,,,,
,Mario Ferraro,SJS,L,D,82,7,16,23,-1,35,,,,,,,,,,,,
,Mark Jankowski,CAR,L,L,68,11,10,21,7,16,,,,,,,,,,,,
,Mark Kastelic,BOS,R,C,82,12,10,22,6,140,,,,,,,,,,,,
,Mark Scheifele,WPG,R,C,82,36,67,103,0,43,,,,,,,,,,,,
,Mark Stone,VGK,R,R,60,28,45,73,26,9,,,,,,,,,,,,
,Marshall Rifai,TOR,L,D,1,0,0,0,0,0,,,,,,,,,,,,
,Marshall Warren,NYI,L,D,8,0,3,3,0,4,,,,,,,,,,,,
,Martin Fehervary,WSH,L,D,81,5,22,27,15,39,,,,,,,,,,,,
,Martin Necas,COL,R,C,78,38,62,100,47,30,,,,,,,,,,,,
,Martin Pospisil,CGY,L,C,22,1,2,3,-4,17,,,,,,,,,,,,
,Mason Appleton,DET,R,C,65,6,8,14,-4,44,,,,,,,,,,,,
,Mason Geertsen,BUF,L,L,5,0,0,0,-1,12,,,,,,,,,,,,
,Mason Lohrei,BOS,L,D,73,7,19,26,17,20,,,,,,,,,,,,
,Mason Marchment,"SEA,CBJ",L,L,29,4,9,13,-4,26,,,,,,,,,,,,
,Mason Marchment,"SEA,CBJ",L,L,39,15,17,32,21,30,,,,,,,,,,,,
,Mason McTavish,ANA,L,C,75,17,24,41,-15,42,,,,,,,,,,,,
,Matej Blümel,BOS,L,R,4,0,0,0,-3,0,,,,,,,,,,,,
,Mathew Barzal,NYI,R,C,81,19,53,72,10,61,,,,,,,,,,,,
,Mathew Dumba,PIT,R,D,11,1,2,3,-5,11,,,,,,,,,,,,
,Mathieu Joseph,"STL,LAK",L,R,39,2,9,11,-5,4,,,,,,,,,,,,
,Mathieu Joseph,"STL,LAK",L,R,12,0,0,0,-2,5,,,,,,,,,,,,
,Mathieu Olivier,CBJ,R,R,61,15,11,26,13,101,,,,,,,,,,,,
,Matias Maccelli,TOR,L,L,71,14,25,39,-23,16,,,,,,,,,,,,
,Mats Zuccarello,MIN,L,R,59,15,39,54,-5,20,,,,,,,,,,,,
,Matt Boldy,MIN,L,L,76,42,43,85,18,30,,,,,,,,,,,,
,Matt Coronato,CGY,R,R,80,18,27,45,-29,32,,,,,,,,,,,,
,Matt Duchene,DAL,L,C,57,16,29,45,-3,8,,,,,,,,,,,,
,Matt Grzelcyk,CHI,L,D,69,0,12,12,-9,32,,,,,,,,,,,,
,Matt Kiersted,MIN,L,D,6,0,1,1,0,0,,,,,,,,,,,,
,Matt Luff,STL,R,R,5,1,0,1,-2,0,,,,,,,,,,,,
,Matt Rempe,NYR,R,C,26,1,0,1,-4,11,,,,,,,,,,,,
,Matt Roy,WSH,R,D,79,2,17,19,18,12,,,,,,,,,,,,
,Matt Savoie,EDM,R,C,82,18,19,37,6,24,,,,,,,,,,,,
,Matthew Benning,TOR,R,D,1,0,0,0,0,0,,,,,,,,,,,,
,Matthew Kessel,STL,R,D,29,2,1,3,1,10,,,,,,,,,,,,
,Matthew Knies,TOR,L,L,79,23,43,66,-30,29,,,,,,,,,,,,
,Matthew Poitras,BOS,R,C,3,1,0,1,1,4,,,,,,,,,,,,
,Matthew Robertson,NYR,L,D,72,6,12,18,-1,38,,,,,,,,,,,,
,Matthew Schaefer,NYI,L,D,82,23,36,59,13,38,,,,,,,,,,,,
,Matthew Tkachuk,FLA,L,L,31,13,21,34,-6,48,,,,,,,,,,,,
,Matthew Wood,NSH,R,R,71,17,13,30,-3,14,,,,,,,,,,,,
,Mattias Ekholm,EDM,L,D,82,6,35,41,32,30,,,,,,,,,,,,
,Mattias Janmark,EDM,L,C,43,1,7,8,-8,22,,,,,,,,,,,,
,Mattias Samuelsson,BUF,L,D,78,13,28,41,41,28,,,,,,,,,,,,
,Matty Beniers,SEA,L,C,82,20,30,50,-8,23,,,,,,,,,,,,
,Matvei Gridin,CGY,L,R,37,6,14,20,-14,2,,,,,,,,,,,,
,Matvei Michkov,PHI,L,R,81,20,31,51,0,71,,,,,,,,,,,,
,Maveric Lamoureux,UTA,R,D,5,0,1,1,4,2,,,,,,,,,,,,
,Mavrik Bourque,DAL,R,C,82,20,21,41,6,22,,,,,,,,,,,,
,Max Crozier,TBL,R,D,35,1,9,10,7,40,,,,,,,,,,,,
,Max Domi,TOR,L,C,80,12,24,36,-29,95,,,,,,,,,,,,
,Max Jones,EDM,L,L,21,3,2,5,3,9,,,,,,,,,,,,
,Max Sasson,VAN,L,C,66,13,6,19,-13,26,,,,,,,,,,,,
,Max Shabanov,NYI,L,R,44,5,13,18,-5,2,,,,,,,,,,,,
,Maxim Groshev,TBL,L,D,2,0,1,1,1,0,,,,,,,,,,,,
,Michael Amadio,OTT,R,R,81,15,20,35,13,18,,,,,,,,,,,,
,Michael Brandsegg-Nygård,DET,R,R,14,0,1,1,-5,2,,,,,,,,,,,,
,Michael Bunting,"NSH,DAL",L,L,61,13,18,31,-17,16,,,,,,,,,,,,
,Michael Bunting,"NSH,DAL",L,L,13,1,1,2,-7,4,,,,,,,,,,,,
,Michael Callahan,BOS,L,D,5,0,0,0,-1,0,,,,,,,,,,,,
,Michael Carcone,UTA,L,L,79,16,15,31,4,22,,,,,,,,,,,,
,Michael Eyssimont,BOS,L,C,56,8,10,18,-3,31,,,,,,,,,,,,
,Michael Kesselring,BUF,R,D,34,0,2,2,0,50,,,,,,,,,,,,
,Michael McCarron,"NSH,MIN",R,C,59,5,7,12,-15,73,,,,,,,,,,,,
,Michael McCarron,"NSH,MIN",R,C,20,3,2,5,-1,20,,,,,,,,,,,,
,Michael Misa,SJS,L,C,45,9,12,21,-2,10,,,,,,,,,,,,
,Michael Pezzetta,TOR,L,L,9,0,0,0,-4,35,,,,,,,,,,,,
,Michael Rasmussen,DET,L,C,64,6,8,14,-10,8,,,,,,,,,,,,
,Mika Zibanejad,NYR,R,C,81,34,44,78,-20,14,,,,,,,,,,,,
,Mikael Backlund,CGY,L,C,82,17,26,43,7,16,,,,,,,,,,,,
,Mikael Granlund,ANA,L,C,58,19,22,41,-9,18,,,,,,,,,,,,
,Mikael Pyyhtia,CBJ,L,L,5,1,0,1,-1,0,,,,,,,,,,,,
,Mike Benning,FLA,R,D,18,2,4,6,-4,2,,,,,,,,,,,,
,Mike Matheson,MTL,L,D,78,7,30,37,9,34,,,,,,,,,,,,
,Mike Reilly,CAR,L,D,42,1,8,9,11,26,,,,,,,,,,,,
,Mikey Anderson,LAK,L,D,80,4,16,20,8,22,,,,,,,,,,,,
,Mikhail Sergachev,UTA,L,D,78,10,49,59,2,44,,,,,,,,,,,,
,Mikko Rantanen,DAL,L,R,64,22,55,77,0,93,,,,,,,,,,,,
,Mikulas Hovorka,FLA,R,D,4,0,1,1,-1,0,,,,,,,,,,,,
,Miles Wood,CBJ,L,L,54,8,6,14,-10,26,,,,,,,,,,,,
,Miro Heiskanen,DAL,L,D,77,9,54,63,9,30,,,,,,,,,,,,
,Mitch Marner,VGK,R,R,81,24,56,80,17,24,,,,,,,,,,,,
,Mitchell Chaffee,TBL,R,R,11,0,1,1,-2,4,,,,,,,,,,,,
,Morgan Barron,WPG,L,C,65,11,12,23,5,31,,,,,,,,,,,,
,Morgan Frost,CGY,L,C,82,22,21,43,-16,28,,,,,,,,,,,,
,Morgan Geekie,BOS,R,C,81,39,29,68,-5,22,,,,,,,,,,,,
,Morgan Rielly,TOR,L,D,78,11,25,36,-18,29,,,,,,,,,,,,
,Moritz Seider,DET,R,D,82,10,50,60,15,57,,,,,,,,,,,,
,Nate Danielson,DET,R,C,28,2,5,7,-7,4,,,,,,,,,,,,
,Nate Schmidt,UTA,L,D,82,5,17,22,31,22,,,,,,,,,,,,
,Nathan Bastian,DAL,R,R,36,6,1,7,4,21,,,,,,,,,,,,
,Nathan Gaucher,ANA,R,C,3,0,0,0,-1,0,,,,,,,,,,,,
,Nathan Légaré,NJD,R,R,1,0,0,0,0,0,,,,,,,,,,,,
,Nathan MacKinnon,COL,R,C,80,53,74,127,57,39,,,,,,,,,,,,
,Nathan Walker,STL,L,L,46,4,7,11,-9,28,,,,,,,,,,,,
,Nazem Kadri,"CGY,COL",L,C,61,12,29,41,-27,24,,,,,,,,,,,,
,Nazem Kadri,"CGY,COL",L,C,16,4,5,9,-3,6,,,,,,,,,,,,
,Neal Pionk,WPG,R,D,51,3,9,12,1,37,,,,,,,,,,,,
,Nic Dowd,"WSH,VGK",R,C,55,4,12,16,-6,53,,,,,,,,,,,,
,Nic Dowd,"WSH,VGK",R,C,20,1,4,5,2,20,,,,,,,,,,,,
,Nicholas Robertson,TOR,L,L,78,16,16,32,-13,10,,,,,,,,,,,,
,Nick Bjugstad,"STL,NJD",R,C,35,6,1,7,-7,25,,,,,,,,,,,,
,Nick Bjugstad,"STL,NJD",R,C,26,0,2,2,-4,8,,,,,,,,,,,,
,Nick Blankenburg,"NSH,COL",R,D,49,6,15,21,-11,10,,,,,,,,,,,,
,Nick Blankenburg,"NSH,COL",R,D,12,2,1,3,1,0,,,,,,,,,,,,
,Nick Cousins,OTT,L,C,81,9,14,23,8,92,,,,,,,,,,,,
,Nick DeSimone,UTA,R,D,40,2,6,8,4,10,,,,,,,,,,,,
,Nick Foligno,"CHI,MIN",L,L,17,1,3,4,0,17,,,,,,,,,,,,
,Nick Foligno,"CHI,MIN",L,L,37,3,8,11,2,27,,,,,,,,,,,,
,Nick Jensen,OTT,R,D,61,4,13,17,-2,22,,,,,,,,,,,,
,Nick Lardis,CHI,L,L,41,10,5,15,-18,10,,,,,,,,,,,,
,Nick Leddy,SJS,L,D,32,1,6,7,-9,6,,,,,,,,,,,,
,Nick Paul,TBL,L,L,51,7,8,15,-15,32,,,,,,,,,,,,
,Nick Perbix,NSH,R,D,79,3,10,13,-14,20,,,,,,,,,,,,
,Nick Schmaltz,UTA,R,C,82,33,41,74,17,28,,,,,,,,,,,,
,Nick Seeler,PHI,L,D,80,4,6,10,1,38,,,,,,,,,,,,
,Nick Suzuki,MTL,R,C,82,29,72,101,37,28,,,,,,,,,,,,
,Nico Hischier,NJD,L,C,82,28,38,66,-6,29,,,,,,,,,,,,
,Nico Sturm,MIN,L,C,49,5,6,11,0,16,,,,,,,,,,,,
,Nicolas Aube-Kubel,MIN,R,R,6,0,2,2,1,6,,,,,,,,,,,,
,Nicolas Deslauriers,"PHI,CAR",L,L,24,0,1,1,-3,33,,,,,,,,,,,,
,Nicolas Deslauriers,"PHI,CAR",L,L,7,0,1,1,0,5,,,,,,,,,,,,
,Nicolas Hague,NSH,L,D,62,3,12,15,-10,47,,,,,,,,,,,,
,Nicolas Roy,"TOR,COL",R,C,59,5,15,20,0,10,,,,,,,,,,,,
,Nicolas Roy,"TOR,COL",R,C,15,3,2,5,0,13,,,,,,,,,,,,
,Nikita Chibrikov,WPG,L,R,11,0,0,0,0,14,,,,,,,,,,,,
,Nikita Grebenkin,PHI,L,R,55,4,10,14,-7,46,,,,,,,,,,,,
,Nikita Kucherov,TBL,L,R,76,44,86,130,43,50,,,,,,,,,,,,
,Nikita Nesterenko,ANA,L,C,29,1,8,9,-2,8,,,,,,,,,,,,
,Nikita Zadorov,BOS,L,D,81,2,20,22,18,152,,,,,,,,,,,,
,Niko Mikkola,FLA,L,D,68,3,8,11,-1,47,,,,,,,,,,,,
,Nikolaj Ehlers,CAR,L,L,82,26,45,71,8,14,,,,,,,,,,,,
,Nikolas Matinpalo,OTT,R,D,50,0,5,5,-1,16,,,,,,,,,,,,
,Nils Aman,VAN,L,C,2,0,0,0,0,0,,,,,,,,,,,,
,Nils Hoglander,VAN,L,L,38,2,3,5,-4,8,,,,,,,,,,,,
,Nils Lundkvist,DAL,R,D,52,3,8,11,12,16,,,,,,,,,,,,
,Nino Niederreiter,WPG,L,R,61,8,11,19,-7,18,,,,,,,,,,,,
,Noah Cates,PHI,L,L,82,18,29,47,26,44,,,,,,,,,,,,
,Noah Dobson,MTL,R,D,80,12,35,47,5,34,,,,,,,,,,,,
,Noah Gregor,FLA,L,L,37,4,5,9,-10,26,,,,,,,,,,,,
,Noah Hanifin,VGK,L,D,71,3,25,28,0,14,,,,,,,,,,,,
,Noah Juulsen,PHI,R,D,52,1,9,10,3,15,,,,,,,,,,,,
,Noah Laba,NYR,R,C,74,9,15,24,2,31,,,,,,,,,,,,
,Noah Ostlund,BUF,L,C,60,11,16,27,11,14,,,,,,,,,,,,
,Noah Philp,"EDM,CAR",R,C,15,2,1,3,-7,4,,,,,,,,,,,,
,Noah Philp,"EDM,CAR",R,C,2,0,0,0,0,0,,,,,,,,,,,,
,Noel Acciari,PIT,R,C,67,13,12,25,14,25,,,,,,,,,,,,
,Nolan Foote,FLA,L,L,12,1,0,1,-4,6,,,,,,,,,,,,
,Olen Zellweger,ANA,L,D,76,7,15,22,4,34,,,,,,,,,,,,
,Oliver Bjorkstrand,TBL,R,R,80,12,20,32,-14,16,,,,,,,,,,,,
,Oliver Bonk,PHI,R,D,1,1,1,2,1,0,,,,,,,,,,,,
,Oliver Ekman-Larsson,TOR,L,D,78,8,31,39,-6,70,,,,,,,,,,,,
,Oliver Kapanen,MTL,R,C,82,22,15,37,4,22,,,,,,,,,,,,
,Oliver Moore,CHI,L,C,51,5,14,19,-15,19,,,,,,,,,,,,
,Olle Lycksell,OTT,L,R,7,1,1,2,-2,0,,,,,,,,,,,,
,Olli Maatta,"UTA,CGY",L,D,22,0,1,1,-5,2,,,,,,,,,,,,
,Olli Maatta,"UTA,CGY",L,D,21,2,12,14,-1,2,,,,,,,,,,,,
,Ondrej Palat,"NJD,NYI",L,L,29,1,4,5,-6,2,,,,,,,,,,,,
,Ondrej Palat,"NJD,NYI",L,L,51,4,6,10,-5,12,,,,,,,,,,,,
,Oscar Fisker Molgaard,SEA,L,C,13,0,2,2,2,2,,,,,,,,,,,,
,Oskar Bäck,DAL,L,C,72,5,7,12,10,10,,,,,,,,,,,,
,Oskar Sundqvist,STL,R,C,52,5,12,17,-18,26,,,,,,,,,,,,
,Otto Stenberg,STL,L,C,32,3,7,10,3,5,,,,,,,,,,,,
,Owen Beck,MTL,R,C,15,1,0,1,4,6,,,,,,,,,,,,
,Owen Pickering,PIT,L,D,4,0,0,0,-3,2,,,,,,,,,,,,
,Owen Power,BUF,L,D,81,8,21,29,9,16,,,,,,,,,,,,
,Owen Tippett,PHI,R,R,81,28,23,51,-6,32,,,,,,,,,,,,
,Ozzy Wiesblatt,NSH,R,C,40,1,4,5,-6,38,,,,,,,,,,,,
,Parker Ford,WPG,R,C,15,0,1,1,-2,4,,,,,,,,,,,,
,Parker Kelly,COL,L,C,82,21,14,35,18,30,,,,,,,,,,,,
,Parker Wotherspoon,PIT,L,D,80,3,27,30,17,55,,,,,,,,,,,,
,Patrick Giles,SJS,R,R,3,0,1,1,1,0,,,,,,,,,,,,
,Patrick Kane,DET,L,R,67,16,41,57,-1,16,,,,,,,,,,,,
,Patrik Laine,MTL,R,L,5,0,1,1,-3,2,,,,,,,,,,,,
,Paul Cotter,NJD,L,L,79,9,6,15,-24,19,,,,,,,,,,,,
,Pavel Buchnevich,STL,L,L,81,20,28,48,-10,26,,,,,,,,,,,,
,Pavel Dorofeyev,VGK,L,R,82,37,27,64,-3,24,,,,,,,,,,,,
,Pavel Mintyukov,ANA,L,D,73,8,14,22,-3,17,,,,,,,,,,,,
,Pavel Zacha,BOS,L,C,78,30,35,65,4,28,,,,,,,,,,,,
,Pavol Regenda,SJS,L,L,24,9,1,10,-4,20,,,,,,,,,,,,
,Peyton Krebs,BUF,L,C,82,12,27,39,13,78,,,,,,,,,,,,
,Philip Broberg,STL,L,D,81,6,28,34,14,16,,,,,,,,,,,,
,Philip Tomasino,PIT,R,R,9,0,1,1,-2,0,,,,,,,,,,,,
,Philipp Kurashev,SJS,L,C,43,7,13,20,1,16,,,,,,,,,,,,
,Philippe Myers,TOR,R,D,39,0,2,2,-10,22,,,,,,,,,,,,
,Phillip Danault,"LAK,MTL",L,C,45,6,6,12,-6,20,,,,,,,,,,,,
,Phillip Danault,"LAK,MTL",L,C,30,0,5,5,3,6,,,,,,,,,,,,
,Pierre-Luc Dubois,WSH,L,C,29,5,14,19,-4,19,,,,,,,,,,,,
,Pierre-Olivier Joseph,VAN,L,D,31,1,5,6,-16,8,,,,,,,,,,,,
,Pius Suter,STL,L,C,64,13,16,29,13,20,,,,,,,,,,,,
,Pontus Holmberg,TBL,L,R,70,11,11,22,1,31,,,,,,,,,,,,
,Porter Martone,PHI,R,R,9,4,6,10,4,6,,,,,,,,,,,,
,Quinn Hughes,"VAN,MIN",L,D,26,2,21,23,-10,12,,,,,,,,,,,,
,Quinn Hughes,"VAN,MIN",L,D,48,5,48,53,6,20,,,,,,,,,,,,
,Quinn Hutson,EDM,R,R,4,1,0,1,-1,0,,,,,,,,,,,,
,Quinton Byfield,LAK,L,R,79,24,25,49,-2,46,,,,,,,,,,,,
,Radek Faksa,DAL,L,C,58,2,15,17,2,18,,,,,,,,,,,,
,Radko Gudas,ANA,R,D,56,2,11,13,-2,67,,,,,,,,,,,,
,Rafael Harvey-Pinard,PIT,L,L,1,0,0,0,1,0,,,,,,,,,,,,
,Raphael Lavoie,VGK,R,C,1,0,0,0,0,0,,,,,,,,,,,,
,Rasmus Andersson,"CGY,VGK",R,D,33,7,10,17,1,18,,,,,,,,,,,,
,Rasmus Andersson,"CGY,VGK",R,D,48,10,20,30,3,53,,,,,,,,,,,,
,Rasmus Dahlin,BUF,L,D,77,19,55,74,18,76,,,,,,,,,,,,
,Rasmus Ristolainen,PHI,R,D,44,1,13,14,10,16,,,,,,,,,,,,
,Rasmus Sandin,WSH,L,D,73,5,24,29,4,12,,,,,,,,,,,,
,Reid Schaefer,NSH,L,L,47,6,2,8,-12,17,,,,,,,,,,,,
,Reilly Smith,VGK,L,R,69,16,10,26,-9,4,,,,,,,,,,,,
,Rickard Rakell,PIT,R,R,60,24,24,48,-2,8,,,,,,,,,,,,
,Ridly Greig,OTT,L,C,77,13,22,35,12,83,,,,,,,,,,,,
,Riley Stillman,EDM,L,D,4,0,0,0,1,0,,,,,,,,,,,,
,Riley Tufte,BOS,L,L,4,1,0,1,-1,0,,,,,,,,,,,,
,Robby Fabbri,"STL,MIN",L,C,15,1,3,4,-3,12,,,,,,,,,,,,
,Robby Fabbri,"STL,MIN",L,C,6,1,0,1,-1,4,,,,,,,,,,,,
,Robert Thomas,STL,R,C,64,25,39,64,22,24,,,,,,,,,,,,
,Roby Jarventie,EDM,L,L,3,0,0,0,-1,0,,,,,,,,,,,,
,Rodrigo Abols,PHI,L,C,42,3,7,10,-1,22,,,,,,,,,,,,
,Roman Josi,NSH,L,D,68,13,42,55,-15,30,,,,,,,,,,,,
,Ronan Seeley,CAR,L,D,1,0,0,0,0,0,,,,,,,,,,,,
,Roope Hintz,DAL,L,C,53,15,29,44,16,18,,,,,,,,,,,,
,Rory Kerins,CGY,L,C,4,0,0,0,-1,2,,,,,,,,,,,,
,Ross Colton,COL,L,C,73,9,15,24,9,13,,,,,,,,,,,,
,Ross Johnston,ANA,L,L,62,3,11,14,0,107,,,,,,,,,,,,
,Rutger McGroarty,PIT,L,R,24,3,3,6,-3,4,,,,,,,,,,,,
,Ryan Donato,CHI,L,C,82,15,15,30,-16,46,,,,,,,,,,,,
,Ryan Graves,PIT,L,D,22,1,0,1,-3,10,,,,,,,,,,,,
,Ryan Greene,CHI,R,C,81,12,17,29,-14,14,,,,,,,,,,,,
,Ryan Hartman,MIN,R,R,76,23,20,43,-1,48,,,,,,,,,,,,
,Ryan Johnson,BUF,L,D,3,0,0,0,0,2,,,,,,,,,,,,
,Ryan Leonard,WSH,R,R,75,20,25,45,2,47,,,,,,,,,,,,
,Ryan Lindgren,SEA,L,D,76,2,7,9,-2,60,,,,,,,,,,,,
,Ryan Lomberg,CGY,L,L,57,4,5,9,-4,59,,,,,,,,,,,,
,Ryan McDonagh,TBL,L,D,48,6,15,21,14,6,,,,,,,,,,,,
,Ryan McLeod,BUF,L,C,81,14,40,54,25,16,,,,,,,,,,,,
,Ryan Nugent-Hopkins,EDM,L,C,72,20,36,56,-9,21,,,,,,,,,,,,
,Ryan O'Reilly,NSH,L,C,81,25,49,74,8,22,,,,,,,,,,,,
,Ryan Poehling,ANA,L,C,75,11,25,36,8,12,,,,,,,,,,,,
,Ryan Pulock,NYI,R,D,76,3,24,27,9,16,,,,,,,,,,,,
,Ryan Reaves,SJS,R,R,50,3,0,3,-12,37,,,,,,,,,,,,
,Ryan Shea,PIT,L,D,80,6,29,35,30,22,,,,,,,,,,,,
,Ryan Strome,"ANA,CGY",R,C,33,3,6,9,-5,27,,,,,,,,,,,,
,Ryan Strome,"ANA,CGY",R,C,19,5,7,12,-3,8,,,,,,,,,,,,
,Ryan Tverberg,TOR,R,C,2,0,0,0,1,2,,,,,,,,,,,,
,Ryan Ufko,NSH,R,D,18,2,9,11,0,6,,,,,,,,,,,,
,Ryan Winterton,SEA,R,C,68,4,14,18,0,15,,,,,,,,,,,,
,Ryker Evans,SEA,L,D,67,8,9,17,5,40,,,,,,,,,,,,
,Sacha Boisvert,CHI,L,C,7,1,1,2,-1,9,,,,,,,,,,,,
,Sam Bennett,FLA,L,C,76,26,32,58,-10,82,,,,,,,,,,,,
,Sam Carrick,"NYR,BUF",R,C,60,4,6,10,-2,53,,,,,,,,,,,,
,Sam Carrick,"NYR,BUF",R,C,13,5,1,6,4,12,,,,,,,,,,,,
,Sam Colangelo,ANA,R,R,9,1,0,1,-3,4,,,,,,,,,,,,
,Sam Dickinson,SJS,L,D,72,1,13,14,-5,22,,,,,,,,,,,,
,Sam Lafferty,CHI,R,C,29,1,1,2,-2,14,,,,,,,,,,,,
,Sam Malinski,COL,R,D,82,8,32,40,43,22,,,,,,,,,,,,
,Sam Morton,CGY,L,C,3,0,0,0,-1,10,,,,,,,,,,,,
,Sam Reinhart,FLA,R,C,64,29,32,61,-18,10,,,,,,,,,,,,
,Sam Rinzel,CHI,R,D,54,4,10,14,-7,44,,,,,,,,,,,,
,Sam Steel,DAL,L,C,73,12,21,33,3,24,,,,,,,,,,,,
,Samuel Blais,"TOR,MTL",L,L,8,1,2,3,-2,4,,,,,,,,,,,,
,Samuel Blais,"TOR,MTL",L,L,13,2,3,5,4,6,,,,,,,,,,,,
,Samuel Girard,"COL,PIT",L,D,20,0,7,7,5,8,,,,,,,,,,,,
,Samuel Girard,"COL,PIT",L,D,40,3,9,12,12,15,,,,,,,,,,,,
,Samuel Helenius,LAK,L,C,53,5,4,9,-6,50,,,,,,,,,,,,
,Samuel Honzek,CGY,L,L,18,2,2,4,1,2,,,,,,,,,,,,
,Samuel Poulin,PIT,L,R,2,0,0,0,-2,0,,,,,,,,,,,,
,Sandis Vilmanis,FLA,L,L,19,3,2,5,-1,4,,,,,,,,,,,,
,Scott Laughton,"TOR,LAK",L,C,43,8,4,12,-3,17,,,,,,,,,,,,
,Scott Laughton,"TOR,LAK",L,C,21,5,3,8,-2,14,,,,,,,,,,,,
,Scott Mayfield,NYI,R,D,80,2,13,15,-11,83,,,,,,,,,,,,
,Scott Morrow,NYR,R,D,29,0,6,6,-5,4,,,,,,,,,,,,
,Scott Sabourin,TBL,R,R,26,1,4,5,1,89,,,,,,,,,,,,
,Seamus Casey,NJD,R,D,2,0,0,0,-3,0,,,,,,,,,,,,
,Sean Couturier,PHI,L,C,78,12,24,36,-5,30,,,,,,,,,,,,
,Sean Durzi,UTA,R,D,60,5,22,27,-12,50,,,,,,,,,,,,
,Sean Kuraly,BOS,L,C,82,6,16,22,0,41,,,,,,,,,,,,
,Sean Monahan,CBJ,L,C,78,13,23,36,-1,12,,,,,,,,,,,,
,Sean Walker,CAR,R,D,81,9,22,31,6,59,,,,,,,,,,,,
,Sebastian Aho,CAR,L,C,79,27,53,80,11,46,,,,,,,,,,,,
,Seth Jarvis,CAR,R,C,71,32,34,66,6,23,,,,,,,,,,,,
,Seth Jones,FLA,R,D,52,7,25,32,-3,18,,,,,,,,,,,,
,Shakir Mukhamadullin,SJS,L,D,50,5,7,12,-3,22,,,,,,,,,,,,
,Shane Lachance,NJD,L,L,1,0,0,0,0,0,,,,,,,,,,,,
,Shane Pinto,OTT,R,C,72,23,23,46,6,42,,,,,,,,,,,,
,Shane Wright,SEA,R,C,74,12,15,27,6,10,,,,,,,,,,,,
,Shayne Gostisbehere,CAR,L,D,55,13,37,50,11,22,,,,,,,,,,,,
,Shea Theodore,VGK,L,D,70,10,29,39,19,24,,,,,,,,,,,,
,Sheldon Dries,DET,L,C,5,0,0,0,0,0,,,,,,,,,,,,
,Sidney Crosby,PIT,L,C,68,29,45,74,0,44,,,,,,,,,,,,
,Simon Benoit,TOR,L,D,73,0,6,6,-22,41,,,,,,,,,,,,
,Simon Edvinsson,DET,L,D,72,9,16,25,12,75,,,,,,,,,,,,
,Simon Holmstrom,NYI,L,R,79,19,22,41,4,16,,,,,,,,,,,,
,Simon Lundmark,TBL,R,D,1,0,0,0,1,0,,,,,,,,,,,,
,Simon Nemec,NJD,R,D,68,11,15,26,-11,26,,,,,,,,,,,,
,Skyler Brind'Amour,CAR,L,C,4,0,0,0,-2,2,,,,,,,,,,,,
,Sonny Milano,WSH,L,L,31,4,4,8,0,4,,,,,,,,,,,,
,Spencer Stastney,"NSH,EDM",L,D,36,1,0,1,-10,10,,,,,,,,,,,,
,Spencer Stastney,"NSH,EDM",L,D,30,1,8,9,-1,10,,,,,,,,,,,,
,Stefan Noesen,NJD,R,R,38,3,4,7,-12,33,,,,,,,,,,,,
,Stephen Halliday,OTT,L,C,30,4,7,11,0,2,,,,,,,,,,,,
,Steven Lorentz,TOR,L,C,71,7,11,18,-2,16,,,,,,,,,,,,
,Steven Santini,TBL,R,D,12,0,1,1,1,2,,,,,,,,,,,,
,Steven Stamkos,NSH,R,C,82,42,24,66,-17,58,,,,,,,,,,,,
,T.J. Tynan,COL,R,C,1,0,0,0,1,0,,,,,,,,,,,,
,Tage Thompson,BUF,R,C,81,40,41,81,-6,35,,,,,,,,,,,,
,Tanner Jeannot,BOS,L,L,77,6,16,22,-4,66,,,,,,,,,,,,
,Tanner Laczynski,VGK,R,C,10,0,5,5,0,4,,,,,,,,,,,,
,Tanner Pearson,"WPG,BUF",L,L,4,0,2,2,2,2,,,,,,,,,,,,
,Tanner Pearson,"WPG,BUF",L,L,52,7,6,13,7,25,,,,,,,,,,,,
,Taylor Hall,CAR,L,L,80,18,30,48,6,44,,,,,,,,,,,,
,Taylor Makar,COL,L,L,12,0,0,0,0,4,,,,,,,,,,,,
,Taylor Raddysh,NYR,R,R,68,9,10,19,5,12,,,,,,,,,,,,
,Taylor Ward,LAK,R,R,36,3,4,7,0,7,,,,,,,,,,,,
,Teddy Blueger,VAN,L,C,35,9,8,17,-12,22,,,,,,,,,,,,
,Teuvo Teravainen,CHI,L,C,75,14,21,35,-30,6,,,,,,,,,,,,
,Theo Lindstein,STL,L,D,17,2,2,4,6,6,,,,,,,,,,,,
,Thomas Chabot,OTT,L,D,57,7,24,31,6,22,,,,,,,,,,,,
,Thomas Harley,DAL,L,D,70,6,30,36,3,26,,,,,,,,,,,,
,Thomas Novak,PIT,L,C,82,16,26,42,1,24,,,,,,,,,,,,
,Tim Stützle,OTT,L,C,80,34,49,83,7,39,,,,,,,,,,,,
,Tim Washe,ANA,L,C,39,2,3,5,-6,14,,,,,,,,,,,,
,Timo Meier,NJD,L,R,77,24,20,44,-16,22,,,,,,,,,,,,
,Timothy Liljegren,"SJS,WSH",R,D,43,1,10,11,-7,27,,,,,,,,,,,,
,Timothy Liljegren,"SJS,WSH",R,D,4,0,0,0,0,2,,,,,,,,,,,,
,Tobias Bjornfot,FLA,L,D,19,2,2,4,1,2,,,,,,,,,,,,
,Tom Willander,VAN,R,D,70,5,16,21,-23,28,,,,,,,,,,,,
,Tom Wilson,WSH,R,R,72,30,32,62,15,117,,,,,,,,,,,,
,Tomas Hertl,VGK,L,C,82,24,34,58,-17,39,,,,,,,,,,,,
,Tomas Nosek,FLA,L,L,21,2,2,4,-8,4,,,,,,,,,,,,
,Tony DeAngelo,NYI,R,D,76,5,30,35,-5,43,,,,,,,,,,,,
,Topias Vilen,NJD,L,D,2,0,0,0,1,0,,,,,,,,,,,,
,Travis Hamonic,DET,R,D,26,0,2,2,-11,29,,,,,,,,,,,,
,Travis Konecny,PHI,R,R,77,27,41,68,14,59,,,,,,,,,,,,
,Travis Mitchell,NYI,L,D,9,1,0,1,0,6,,,,,,,,,,,,
,Travis Sanheim,PHI,L,D,81,11,26,37,12,20,,,,,,,,,,,,
,Trent Frederic,EDM,L,C,74,4,3,7,-15,58,,,,,,,,,,,,
,Trevor Kuntar,BUF,L,C,1,0,0,0,-1,0,,,,,,,,,,,,
,Trevor Moore,LAK,L,L,69,13,19,32,0,8,,,,,,,,,,,,
,Trevor van Riemsdyk,WSH,R,D,68,3,11,14,6,18,,,,,,,,,,,,
,Trevor Zegras,PHI,L,C,81,26,41,67,0,62,,,,,,,,,,,,
,Tristan Broz,PIT,L,C,1,0,0,0,-1,0,,,,,,,,,,,,
,Tristan Luneau,ANA,R,D,1,1,0,1,2,0,,,,,,,,,,,,
,Tristen Nielsen,COL,L,C,4,0,1,1,1,0,,,,,,,,,,,,
,Troy Stecher,"EDM,TOR",R,D,58,3,11,14,-8,12,,,,,,,,,,,,
,Troy Stecher,"EDM,TOR",R,D,6,0,0,0,0,8,,,,,,,,,,,,
,Troy Terry,ANA,R,R,61,19,38,57,11,14,,,,,,,,,,,,
,Ty Dellandrea,SJS,R,C,46,2,9,11,-18,22,,,,,,,,,,,,
,Ty Emberson,EDM,R,D,72,2,10,12,-1,23,,,,,,,,,,,,
,Ty Mueller,VAN,L,C,6,1,0,1,1,2,,,,,,,,,,,,
,Ty Murchison,PHI,L,D,3,0,0,0,1,0,,,,,,,,,,,,
,Tye Kartye,"SEA,NYR",L,L,40,3,5,8,-6,21,,,,,,,,,,,,
,Tye Kartye,"SEA,NYR",L,L,24,5,9,14,0,17,,,,,,,,,,,,
,Tyler Bertuzzi,CHI,L,L,79,32,26,58,-16,42,,,,,,,,,,,,
,Tyler Kleven,OTT,L,D,70,3,15,18,2,53,,,,,,,,,,,,
,Tyler Myers,"VAN,DAL",R,D,57,1,7,8,-25,40,,,,,,,,,,,,
,Tyler Myers,"VAN,DAL",R,D,16,0,3,3,2,12,,,,,,,,,,,,
,Tyler Pitlick,MIN,R,C,32,2,0,2,-4,24,,,,,,,,,,,,
,Tyler Seguin,DAL,R,C,27,7,10,17,10,2,,,,,,,,,,,,
,Tyler Toffoli,SJS,R,C,79,19,30,49,-12,10,,,,,,,,,,,,
,Tyler Tucker,STL,L,D,69,3,14,17,-4,81,,,,,,,,,,,,
,Tyson Foerster,PHI,R,R,29,13,4,17,8,22,,,,,,,,,,,,
,Tyson Gross,CGY,R,C,6,1,0,1,-2,2,,,,,,,,,,,,
,Tyson Hinds,ANA,L,D,6,0,0,0,1,2,,,,,,,,,,,,
,Tyson Jost,NSH,L,C,69,8,8,16,-21,30,,,,,,,,,,,,
,Tyson Kozak,BUF,L,C,46,2,4,6,-1,2,,,,,,,,,,,,
,Urho Vaakanainen,NYR,L,D,34,0,6,6,0,14,,,,,,,,,,,,
,Uvis Balinskis,FLA,L,D,54,5,10,15,-13,30,,,,,,,,,,,,
,Valeri Nichushkin,COL,L,R,72,17,32,49,9,26,,,,,,,,,,,,
,Vasily Podkolzin,EDM,L,R,82,19,18,37,16,63,,,,,,,,,,,,
,Victor Eklund,NYI,R,R,1,0,1,1,0,0,,,,,,,,,,,,
,Victor Hedman,TBL,L,D,33,1,16,17,-1,10,,,,,,,,,,,,
,Victor Mancini,VAN,R,D,24,0,3,3,-12,7,,,,,,,,,,,,
,Victor Olofsson,"COL,CGY",L,L,18,2,4,6,-1,0,,,,,,,,,,,,
,Victor Olofsson,"COL,CGY",L,L,60,11,14,25,6,6,,,,,,,,,,,,
,Victor Soderstrom,BOS,R,D,8,0,1,1,3,0,,,,,,,,,,,,
,Viking Gustafsson Nyberg,MIN,--,D,2,0,0,0,1,0,,,,,,,,,,,,
,Viktor Arvidsson,BOS,R,L,69,25,29,54,20,24,,,,,,,,,,,,
,Ville Heinola,WPG,L,D,5,0,0,0,0,4,,,,,,,,,,,,
,Ville Koivunen,PIT,L,R,39,2,5,7,-10,10,,,,,,,,,,,,
,Vince Dunn,SEA,L,D,81,11,33,44,-24,54,,,,,,,,,,,,
,Vincent Desharnais,SJS,R,D,53,1,6,7,7,68,,,,,,,,,,,,
,Vincent Iorio,"SJS,NYR",R,D,21,0,3,3,-4,12,,,,,,,,,,,,
,Vincent Iorio,"SJS,NYR",R,D,6,0,0,0,0,0,,,,,,,,,,,,
,Vincent Trocheck,NYR,R,C,67,16,37,53,-16,64,,,,,,,,,,,,
,Vinnie Hinostroza,"MIN,FLA",R,C,48,3,7,10,-8,15,,,,,,,,,,,,
,Vinnie Hinostroza,"MIN,FLA",R,C,17,3,5,8,-4,16,,,,,,,,,,,,
,Vladimir Tarasenko,MIN,L,R,75,23,24,47,-11,10,,,,,,,,,,,,
,Vladislav Gavrikov,NYR,L,D,82,14,21,35,-8,50,,,,,,,,,,,,
,Vladislav Kolyachonok,"DAL,BOS",L,D,2,0,0,0,-1,0,,,,,,,,,,,,
,Vladislav Kolyachonok,"DAL,BOS",L,D,11,1,2,3,3,4,,,,,,,,,,,,
,Vladislav Namestnikov,WPG,L,C,60,8,6,14,-13,28,,,,,,,,,,,,
,Walker Duehr,WPG,R,R,3,0,0,0,-1,0,,,,,,,,,,,,
,Warren Foegele,"LAK,OTT",L,L,47,7,2,9,-6,14,,,,,,,,,,,,
,Warren Foegele,"LAK,OTT",L,L,21,6,2,8,6,4,,,,,,,,,,,,
,Will Borgen,NYR,R,D,75,5,10,15,3,41,,,,,,,,,,,,
,Will Cuylle,NYR,L,L,82,20,18,38,-12,65,,,,,,,,,,,,
,Will Smith,SJS,R,C,69,24,35,59,1,16,,,,,,,,,,,,
,William Carrier,CAR,L,L,70,7,11,18,5,18,,,,,,,,,,,,
,William Eklund,SJS,L,L,78,15,38,53,-31,32,,,,,,,,,,,,
,William Karlsson,VGK,L,C,14,4,3,7,-1,4,,,,,,,,,,,,
,William Nylander,TOR,R,R,65,30,49,79,-14,16,,,,,,,,,,,,
,William Stromgren,CGY,L,L,3,0,0,0,-1,0,,,,,,,,,,,,
,William Villeneuve,TOR,R,D,3,0,0,0,1,0,,,,,,,,,,,,
,Wilmer Skoog,FLA,L,C,3,0,2,2,3,4,,,,,,,,,,,,
,Wyatt Johnston,DAL,R,C,82,45,41,86,-5,32,,,,,,,,,,,,
,Wyatt Kaiser,CHI,L,D,77,6,11,17,-16,34,,,,,,,,,,,,
,Xavier Bourgault,OTT,R,R,2,0,0,0,-1,0,,,,,,,,,,,,
,Xavier Parent,NJD,L,C,5,0,0,0,-1,2,,,,,,,,,,,,
,Yakov Trenin,MIN,L,C,82,6,17,23,13,38,,,,,,,,,,,,
,Yan Kuznetsov,CGY,L,D,57,4,8,12,-8,28,,,,,,,,,,,,
,Yanni Gourde,TBL,L,C,82,9,19,28,-6,66,,,,,,,,,,,,
,Yegor Sharangovich,CGY,L,C,78,15,14,29,-20,12,,,,,,,,,,,,
,Zach Aston-Reese,CBJ,L,L,27,1,4,5,-1,12,,,,,,,,,,,,
,Zach Benson,BUF,L,L,65,13,30,43,27,42,,,,,,,,,,,,
,Zach Bogosian,MIN,R,D,41,2,4,6,8,18,,,,,,,,,,,,
,Zach Hyman,EDM,R,L,58,31,21,52,13,28,,,,,,,,,,,,
,Zach Metsa,BUF,R,D,43,2,4,6,16,8,,,,,,,,,,,,
,Zach Werenski,CBJ,L,D,75,22,59,81,7,18,,,,,,,,,,,,
,Zach Whitecloud,"VGK,CGY",R,D,47,2,5,7,-8,20,,,,,,,,,,,,
,Zach Whitecloud,"VGK,CGY",R,D,31,0,10,10,2,10,,,,,,,,,,,,
,Zachary Bolduc,MTL,L,R,78,12,18,30,-6,28,,,,,,,,,,,,
,Zachary L'Heureux,NSH,L,L,25,4,1,5,3,21,,,,,,,,,,,,
,Zack MacEwen,NJD,R,R,3,0,0,0,0,0,,,,,,,,,,,,
,Zack Ostapchuk,SJS,L,C,59,4,3,7,-11,45,,,,,,,,,,,,
,Zakhar Bardakov,COL,L,C,60,1,9,10,6,14,,,,,,,,,,,,
,Zayne Parekh,CGY,R,D,37,4,5,9,-9,8,,,,,,,,,,,,
,Zeev Buium,"MIN,VAN",L,D,45,3,9,12,-24,33,,,,,,,,,,,,
,Zeev Buium,"MIN,VAN",L,D,31,3,11,14,-9,8,,,,,,,,,,,,
,Zemgus Girgensons,TBL,L,C,74,9,11,20,1,31,,,,,,,,,,,,
